Commune,Canton,Finished Houses Sold,Average price per m^2,m^2 price range,Unfinished Houses Sold,Average Unfinished Houses Price per m^2,Unfinished Houses m^2 price range,Year
Beaufort,Echternach,4,*,*,0,*,*,2007
Bech,Echternach,0,*,*,0,*,*,2007
Beckerich,Redange,8,*,*,0,*,*,2007
Berdorf,Echternach,6,*,*,1,*,*,2007
Bertrange,Luxembourg,21,3908.121,2829 € - 4720 €,29,4575.018,3070 € - 5843 €,2007
Bettembourg,Esch,39,3517.353,2762 € - 4628 €,1,*,*,2007
Bettendorf,Diekirch,5,*,*,2,*,*,2007
Betzdorf,Grevenmacher,6,*,*,12,3944.939,3453 € - 4376 €,2007
Bissen,Mersch,12,3283.405,2727 € - 3864 €,7,*,*,2007
Biwer,Grevenmacher,0,*,*,0,*,*,2007
Boevange-sur-Attert,Mersch,3,*,*,0,*,*,2007
Boulaide,Wiltz,5,*,*,0,*,*,2007
Bourscheid,Diekirch,0,*,*,0,*,*,2007
Bous,Remich,5,*,*,6,*,*,2007
Clervaux,Clervaux,21,2630.094,1797 € - 3106 €,10,2961.173,2000 € - 3268 €,2007
Colmar-Berg,Mersch,15,3187.429,2154 € - 3974 €,3,*,*,2007
Consdorf,Echternach,3,*,*,0,*,*,2007
Contern,Luxembourg,13,3543.771,2595 € - 4578 €,13,4295.268,3603 € - 4970 €,2007
Dalheim,Remich,10,3647,2262 € - 4631 €,0,*,*,2007
Diekirch,Diekirch,33,3342.848,2207 € - 4420 €,4,*,*,2007
Differdange,Esch,155,3158.416,2097 € - 4120 €,102,3423.192,2839 € - 3947 €,2007
Dippach,Capellen,9,*,*,0,*,*,2007
Dudelange,Esch,153,3433.776,2408 € - 4225 €,31,3315.441,2452 € - 4059 €,2007
Echternach,Echternach,22,3162.384,2654 € - 3893 €,17,3373.457,2743 € - 4022 €,2007
Ell,Redange,8,*,*,4,*,*,2007
Erpeldange,Diekirch,5,*,*,2,*,*,2007
Esch-sur-Alzette,Esch,189,3254.348,2309 € - 4139 €,62,3745.746,3236 € - 4390 €,2007
Esch-sur-Sûre,Wiltz,8,*,*,2,*,*,2007
Eschweiler,Wiltz,4,*,*,1,*,*,2007
Ettelbruck,Diekirch,33,3288.309,2025 € - 4167 €,12,3152.717,2389 € - 4172 €,2007
Feulen,Diekirch,0,*,*,0,*,*,2007
Fischbach,Mersch,7,*,*,0,*,*,2007
Flaxweiler,Grevenmacher,1,*,*,0,*,*,2007
Frisange,Esch,21,3615.148,2775 € - 4345 €,16,3610.124,2827 € - 4317 €,2007
Garnich,Capellen,4,*,*,0,*,*,2007
Goesdorf,Wiltz,1,*,*,2,*,*,2007
Grevenmacher,Grevenmacher,23,3290.05,2528 € - 3991 €,18,3945.229,2819 € - 4800 €,2007
Grosbous,Redange,1,*,*,5,*,*,2007
Heffingen,Mersch,0,*,*,1,*,*,2007
Hesperange,Luxembourg,75,3710.952,2444 € - 4868 €,29,4218.488,3129 € - 5317 €,2007
Hobscheid,Capellen,17,3438.451,2734 € - 4335 €,8,*,*,2007
Junglinster,Grevenmacher,16,3768.906,2774 € - 4573 €,6,*,*,2007
Kaerjeng,Capellen,34,3384.8,2451 € - 4123 €,39,3760.421,3301 € - 4514 €,2007
Kayl,Esch,33,3383.805,1962 € - 4259 €,17,3374.606,2286 € - 3988 €,2007
Kehlen,Capellen,4,*,*,13,3800.394,2828 € - 4290 €,2007
Kiischpelt,Wilz,0,*,*,0,*,*,2007
Koerich,Capellen,3,*,*,0,*,*,2007
Kopstal,Capellen,2,*,*,0,*,*,2007
Lac de la Haute-Sûre,Wiltz,0,*,*,0,*,*,2007
Larochette,Mersch,6,*,*,6,*,*,2007
Lenningen,Remich,0,*,*,0,*,*,2007
Leudelange,Esch,11,3899.653,2203 € - 5183 €,12,4239.256,3839 € - 4992 €,2007
Lintgen,Mersch,11,3215.429,2651 € - 4003 €,12,3578.942,2392 € - 4702 €,2007
Lorentzweiler,Mersch,9,*,*,6,*,*,2007
Luxembourg-Ville,Luxembourg,406,4015.068,2541 € - 5260 €,371,4583.493,3470 € - 6270 €,2007
Mamer,Capellen,39,3666.013,2480 € - 4378 €,52,4157.4,2931 € - 4818 €,2007
Manternach,Grevenmacher,2,*,*,0,*,*,2007
Mersch,Mersch,37,3609.254,2722 € - 4537 €,9,*,*,2007
Mertert,Grevenmacher,19,3295.046,1892 € - 4584 €,4,*,*,2007
Mertzig,Diekirch,3,*,*,5,*,*,2007
Mompach,Echternach,0,*,*,0,*,*,2007
Mondercange,Esch,32,3499.656,2885 € - 4060 €,20,4232.9,3096 € - 4988 €,2007
Mondorf-les-Bains,Remich,42,3730.947,2665 € - 4601 €,9,*,*,2007
Niederanven,Luxembourg,2,*,*,0,*,*,2007
Nommern,Mersch,2,*,*,2,*,*,2007
Parc Hosingen,Clervaux,0,*,*,0,*,*,2007
Petange,Esch,70,3248.469,2269 € - 4112 €,15,3233.133,2434 € - 3702 €,2007
Preizerdaul,Redange,1,*,*,0,*,*,2007
Putscheid,Vianden,0,*,*,2,*,*,2007
Rambrouch,Redange,9,*,*,1,*,*,2007
Reckange-sur-Mess,Esch,6,*,*,9,*,*,2007
Redange,Redange,1,*,*,39,2996.053,1934 € - 3961 €,2007
Reisdorf,Diekirch,0,*,*,0,*,*,2007
Remich,Remich,23,3364.58,2114 € - 4656 €,11,3226.928,2317 € - 3725 €,2007
Roeser,Esch,54,3759.958,2670 € - 4715 €,41,4016.909,3542 € - 4662 €,2007
Rosport,Echternach,1,*,*,4,*,*,2007
Rumelange,Esch,22,3061.89,2175 € - 3758 €,16,3028.659,2157 € - 3763 €,2007
Saeul,Redange,5,*,*,0,*,*,2007
Sandweiler,Luxembourg,14,3932.424,2756 € - 5512 €,1,*,*,2007
Sanem,Esch,85,3401.093,2343 € - 4166 €,16,3531.598,2663 € - 4310 €,2007
Schengen,Remich,18,3160.529,1938 € - 3987 €,19,3417.303,2764 € - 4164 €,2007
Schieren,Diekirch,3,*,*,8,*,*,2007
Schifflange,Esch,43,3242.409,2557 € - 3940 €,5,*,*,2007
Schuttrange,Luxembourg,10,3770.993,2214 € - 4940 €,0,*,*,2007
Septfontaines,Capellen,0,*,*,0,*,*,2007
Stadtbredimus,Remich,16,3452.03,3061 € - 4398 €,0,*,*,2007
Steinfort,Capellen,17,3514.572,2422 € - 4123 €,0,*,*,2007
Steinsel,Luxembourg,19,3496.743,2013 € - 4586 €,1,*,*,2007
Strassen,Luxembourg,35,4036.821,2786 € - 4987 €,74,4594.854,3819 € - 5541 €,2007
Tandel,Vianden,4,*,*,1,*,*,2007
Troisvierges,Clervaux,2,*,*,9,*,*,2007
Tuntange,Mersch,2,*,*,0,*,*,2007
Useldange,Redange,3,*,*,1,*,*,2007
Vallée de l'Ernz,Diekirch,2,*,*,5,*,*,2007
Vianden,Vianden,4,*,*,0,*,*,2007
Vichten,Redange,2,*,*,0,*,*,2007
Wahl,Redange,0,*,*,0,*,*,2007
Waldbillig,Echternach,1,*,*,0,*,*,2007
Waldbredimus,Remich,2,*,*,0,*,*,2007
Walferdange,Luxembourg,39,3823.288,2222 € - 5606 €,12,3995.714,3471 € - 4303 €,2007
Weiler-la-Tour,Luxembourg,6,*,*,6,*,*,2007
Weiswampach,Clervaux,5,*,*,1,*,*,2007
Wiltz,Wiltz,12,2749.759,1855 € - 3608 €,17,2698.785,2264 € - 2901 €,2007
Wincrange,Clervaux,4,*,*,0,*,*,2007
Winseler,Wiltz,5,*,*,9,*,*,2007
Wormeldange,Grevenmacher,4,*,*,1,*,*,2007
Beaufort,Echternach,3,*,*,0,*,*,2008
Bech,Echternach,0,*,*,0,*,*,2008
Beckerich,Redange,5,*,*,0,*,*,2008
Berdorf,Echternach,7,*,*,0,*,*,2008
Bertrange,Luxembourg,38,4661.472,2820 € - 5999 €,19,4604.649,3568 € - 5893 €,2008
Bettembourg,Esch,38,3418.235,2125 € - 4275 €,5,*,*,2008
Bettendorf,Diekirch,3,*,*,0,*,*,2008
Betzdorf,Grevenmacher,6,*,*,13,4019.344,2902 € - 4503 €,2008
Bissen,Mersch,11,3686.782,3246 € - 4300 €,11,3436.321,2747 € - 4186 €,2008
Biwer,Grevenmacher,1,*,*,0,*,*,2008
Boevange-sur-Attert,Mersch,1,*,*,0,*,*,2008
Boulaide,Wiltz,0,*,*,3,*,*,2008
Bourscheid,Diekirch,0,*,*,4,*,*,2008
Bous,Remich,3,*,*,3,*,*,2008
Clervaux,Clervaux,12,2846.091,2340 € - 3407 €,8,*,*,2008
Colmar-Berg,Mersch,12,3467.129,2729 € - 4322 €,14,3489.731,3075 € - 3857 €,2008
Consdorf,Echternach,2,*,*,0,*,*,2008
Contern,Luxembourg,10,3782.168,2632 € - 5620 €,2,*,*,2008
Dalheim,Remich,5,*,*,0,*,*,2008
Diekirch,Diekirch,28,3298.225,1789 € - 4519 €,13,4013.01,3462 € - 4438 €,2008
Differdange,Esch,175,3149.456,2178 € - 4136 €,46,3552.806,2810 € - 4249 €,2008
Dippach,Capellen,10,3905.912,3383 € - 4279 €,1,*,*,2008
Dudelange,Esch,114,3406.292,2399 € - 4070 €,21,3842.875,3288 € - 4744 €,2008
Echternach,Echternach,22,3117.158,2307 € - 3963 €,10,3751.478,2731 € - 4582 €,2008
Ell,Redange,4,*,*,3,*,*,2008
Erpeldange,Diekirch,4,*,*,0,*,*,2008
Esch-sur-Alzette,Esch,169,3221.539,2316 € - 4123 €,162,3976.076,3445 € - 4913 €,2008
Esch-sur-Sûre,Wiltz,2,*,*,5,*,*,2008
Eschweiler,Wiltz,1,*,*,0,*,*,2008
Ettelbruck,Diekirch,35,3372.865,2609 € - 4045 €,26,3844.769,3630 € - 4317 €,2008
Feulen,Diekirch,1,*,*,2,*,*,2008
Fischbach,Mersch,3,*,*,1,*,*,2008
Flaxweiler,Grevenmacher,0,*,*,0,*,*,2008
Frisange,Esch,26,3630.219,2159 € - 4656 €,11,3954.594,3423 € - 4522 €,2008
Garnich,Capellen,2,*,*,0,*,*,2008
Goesdorf,Wiltz,2,*,*,2,*,*,2008
Grevenmacher,Grevenmacher,22,3497.075,2718 € - 4351 €,13,4106.511,2796 € - 5025 €,2008
Grosbous,Redange,3,*,*,1,*,*,2008
Heffingen,Mersch,0,*,*,0,*,*,2008
Hesperange,Luxembourg,75,4125.609,3014 € - 4923 €,74,4156.552,2683 € - 5000 €,2008
Hobscheid,Capellen,15,3539.369,2245 € - 4277 €,14,3438.498,2992 € - 4540 €,2008
Junglinster,Grevenmacher,9,*,*,18,4300.475,3396 € - 4985 €,2008
Kaerjeng,Capellen,32,3402.264,2060 € - 4425 €,15,3629.92,2485 € - 4478 €,2008
Kayl,Esch,36,3378.727,1982 € - 4555 €,16,3662.242,3253 € - 4256 €,2008
Kehlen,Capellen,8,*,*,12,4120.507,3522 € - 5284 €,2008
Kiischpelt,Wilz,0,*,*,7,*,*,2008
Koerich,Capellen,4,*,*,0,*,*,2008
Kopstal,Capellen,5,*,*,0,*,*,2008
Lac de la Haute-Sûre,Wiltz,4,*,*,0,*,*,2008
Larochette,Mersch,13,2936.518,1605 € - 3849 €,0,*,*,2008
Lenningen,Remich,4,*,*,2,*,*,2008
Leudelange,Esch,12,4238.737,3205 € - 5190 €,7,*,*,2008
Lintgen,Mersch,11,3258.222,2000 € - 4160 €,0,*,*,2008
Lorentzweiler,Mersch,13,3804.566,1671 € - 4337 €,36,4726.938,3694 € - 5387 €,2008
Luxembourg-Ville,Luxembourg,351,4258.016,2832 € - 5563 €,319,4924.17,3717 € - 6381 €,2008
Mamer,Capellen,28,3547.118,2398 € - 4911 €,38,4225.2,3389 € - 4974 €,2008
Manternach,Grevenmacher,0,*,*,0,*,*,2008
Mersch,Mersch,32,3587.629,2802 € - 4440 €,9,*,*,2008
Mertert,Grevenmacher,15,3041.469,1886 € - 4879 €,9,*,*,2008
Mertzig,Diekirch,1,*,*,7,*,*,2008
Mompach,Echternach,0,*,*,0,*,*,2008
Mondercange,Esch,25,3533.778,2948 € - 4255 €,10,4169.896,3840 € - 4529 €,2008
Mondorf-les-Bains,Remich,41,3902.126,2931 € - 4763 €,11,4105.776,3652 € - 5172 €,2008
Niederanven,Luxembourg,4,*,*,6,*,*,2008
Nommern,Mersch,0,*,*,1,*,*,2008
Parc Hosingen,Clervaux,7,*,*,0,*,*,2008
Petange,Esch,84,3169.408,2261 € - 4009 €,52,3638.43,2841 € - 4329 €,2008
Preizerdaul,Redange,0,*,*,0,*,*,2008
Putscheid,Vianden,0,*,*,1,*,*,2008
Rambrouch,Redange,6,*,*,1,*,*,2008
Reckange-sur-Mess,Esch,5,*,*,2,*,*,2008
Redange,Redange,12,2662.673,1456 € - 4079 €,1,*,*,2008
Reisdorf,Diekirch,3,*,*,0,*,*,2008
Remich,Remich,17,3249.046,2070 € - 4218 €,17,3810.804,2909 € - 4736 €,2008
Roeser,Esch,44,3888.894,3072 € - 5077 €,26,4157.801,3142 € - 5218 €,2008
Rosport,Echternach,0,*,*,3,*,*,2008
Rumelange,Esch,19,3134.033,1840 € - 4241 €,11,3652.358,3129 € - 4196 €,2008
Saeul,Redange,4,*,*,0,*,*,2008
Sandweiler,Luxembourg,18,4247.989,2873 € - 5915 €,0,*,*,2008
Sanem,Esch,66,3531.829,2623 € - 4267 €,15,4198.583,3395 € - 4982 €,2008
Schengen,Remich,11,3208.492,2387 € - 4429 €,13,3612.484,2841 € - 4131 €,2008
Schieren,Diekirch,3,*,*,6,*,*,2008
Schifflange,Esch,47,3013.811,2130 € - 4232 €,18,4085.092,3160 € - 4967 €,2008
Schuttrange,Luxembourg,13,3699.16,2400 € - 4782 €,0,*,*,2008
Septfontaines,Capellen,0,*,*,0,*,*,2008
Stadtbredimus,Remich,4,*,*,0,*,*,2008
Steinfort,Capellen,6,*,*,4,*,*,2008
Steinsel,Luxembourg,15,3647.308,2496 € - 5019 €,0,*,*,2008
Strassen,Luxembourg,26,4067.595,2534 € - 5263 €,38,5192.319,4426 € - 6090 €,2008
Tandel,Vianden,3,*,*,2,*,*,2008
Troisvierges,Clervaux,4,*,*,2,*,*,2008
Tuntange,Mersch,0,*,*,0,*,*,2008
Useldange,Redange,6,*,*,4,*,*,2008
Vallée de l'Ernz,Diekirch,4,*,*,1,*,*,2008
Vianden,Vianden,4,*,*,0,*,*,2008
Vichten,Redange,3,*,*,0,*,*,2008
Wahl,Redange,0,*,*,0,*,*,2008
Waldbillig,Echternach,4,*,*,0,*,*,2008
Waldbredimus,Remich,2,*,*,0,*,*,2008
Walferdange,Luxembourg,29,4107.003,2775 € - 5425 €,6,*,*,2008
Weiler-la-Tour,Luxembourg,4,*,*,7,*,*,2008
Weiswampach,Clervaux,4,*,*,14,2963.046,2595 € - 3661 €,2008
Wiltz,Wiltz,14,2444.936,1927 € - 3132 €,0,*,*,2008
Wincrange,Clervaux,3,*,*,0,*,*,2008
Winseler,Wiltz,7,*,*,0,*,*,2008
Wormeldange,Grevenmacher,7,*,*,0,*,*,2008
Beaufort,Echternach,3,*,*,0,*,*,2009
Bech,Echternach,0,*,*,0,*,*,2009
Beckerich,Redange,3,*,*,0,*,*,2009
Berdorf,Echternach,3,*,*,1,*,*,2009
Bertrange,Luxembourg,27,4050.639,2478 € - 5653 €,23,5224.182,4027 € - 5745 €,2009
Bettembourg,Esch,32,3542.597,2760 € - 4428 €,2,*,*,2009
Bettendorf,Diekirch,3,*,*,0,*,*,2009
Betzdorf,Grevenmacher,7,*,*,3,*,*,2009
Bissen,Mersch,11,3254.024,2618 € - 3657 €,3,*,*,2009
Biwer,Grevenmacher,1,*,*,2,*,*,2009
Boevange-sur-Attert,Mersch,2,*,*,0,*,*,2009
Boulaide,Wiltz,2,*,*,0,*,*,2009
Bourscheid,Diekirch,0,*,*,2,*,*,2009
Bous,Remich,3,*,*,3,*,*,2009
Clervaux,Clervaux,12,2922.786,2048 € - 3629 €,7,*,*,2009
Colmar-Berg,Mersch,14,3243.431,2295 € - 3705 €,13,3412.167,2659 € - 3859 €,2009
Consdorf,Echternach,4,*,*,0,*,*,2009
Contern,Luxembourg,13,3577.672,2393 € - 5612 €,0,*,*,2009
Dalheim,Remich,7,*,*,0,*,*,2009
Diekirch,Diekirch,26,3254.674,1876 € - 4545 €,6,*,*,2009
Differdange,Esch,149,3197.405,2157 € - 4114 €,51,3576.627,2730 € - 4513 €,2009
Dippach,Capellen,23,3022.317,1586 € - 4014 €,2,*,*,2009
Dudelange,Esch,111,3264.304,2315 € - 4180 €,32,4300.076,3362 € - 5213 €,2009
Echternach,Echternach,23,3201.468,2105 € - 4401 €,3,*,*,2009
Ell,Redange,6,*,*,4,*,*,2009
Erpeldange,Diekirch,5,*,*,12,3851.223,2888 € - 5035 €,2009
Esch-sur-Alzette,Esch,145,3145.165,2231 € - 4129 €,85,4152.841,3390 € - 5081 €,2009
Esch-sur-Sûre,Wiltz,0,*,*,8,*,*,2009
Eschweiler,Wiltz,4,*,*,0,*,*,2009
Ettelbruck,Diekirch,37,3117.347,2252 € - 4010 €,27,3807.797,2966 € - 4911 €,2009
Feulen,Diekirch,1,*,*,0,*,*,2009
Fischbach,Mersch,9,*,*,1,*,*,2009
Flaxweiler,Grevenmacher,0,*,*,0,*,*,2009
Frisange,Esch,30,3365.476,2273 € - 4304 €,1,*,*,2009
Garnich,Capellen,2,*,*,0,*,*,2009
Goesdorf,Wiltz,3,*,*,4,*,*,2009
Grevenmacher,Grevenmacher,28,3174.88,1984 € - 4149 €,11,3954.671,2972 € - 4907 €,2009
Grosbous,Redange,1,*,*,1,*,*,2009
Heffingen,Mersch,3,*,*,5,*,*,2009
Hesperange,Luxembourg,103,3793.039,2772 € - 4858 €,37,4316.986,3525 € - 5437 €,2009
Hobscheid,Capellen,15,3440.977,2644 € - 4510 €,5,*,*,2009
Junglinster,Grevenmacher,19,3759.141,2852 € - 4487 €,15,4542.026,3445 € - 5065 €,2009
Kaerjeng,Capellen,45,3202.215,2269 € - 3966 €,36,3935.386,2777 € - 4631 €,2009
Kayl,Esch,61,3245.489,2167 € - 4040 €,19,3678.271,2621 € - 4266 €,2009
Kehlen,Capellen,13,3067.42,1838 € - 4216 €,2,*,*,2009
Kiischpelt,Wilz,0,*,*,2,*,*,2009
Koerich,Capellen,4,*,*,0,*,*,2009
Kopstal,Capellen,6,*,*,0,*,*,2009
Lac de la Haute-Sûre,Wiltz,0,*,*,0,*,*,2009
Larochette,Mersch,8,*,*,0,*,*,2009
Lenningen,Remich,6,*,*,3,*,*,2009
Leudelange,Esch,12,4316.903,3089 € - 5212 €,3,*,*,2009
Lintgen,Mersch,10,3587.539,2753 € - 3889 €,2,*,*,2009
Lorentzweiler,Mersch,12,3831.168,2646 € - 4898 €,14,4431.109,3285 € - 5691 €,2009
Luxembourg-Ville,Luxembourg,415,4060.211,2595 € - 5695 €,226,5447.773,3889 € - 7551 €,2009
Mamer,Capellen,19,3635.166,2311 € - 4926 €,11,4455.12,3293 € - 5219 €,2009
Manternach,Grevenmacher,1,*,*,0,*,*,2009
Mersch,Mersch,32,3312.248,2430 € - 4526 €,28,3559.024,2843 € - 4286 €,2009
Mertert,Grevenmacher,12,3199.788,2110 € - 4063 €,22,3885.649,3111 € - 4588 €,2009
Mertzig,Diekirch,3,*,*,1,*,*,2009
Mompach,Echternach,0,*,*,0,*,*,2009
Mondercange,Esch,32,3483.475,2795 € - 4197 €,3,*,*,2009
Mondorf-les-Bains,Remich,34,3598.984,1806 € - 4595 €,5,*,*,2009
Niederanven,Luxembourg,5,*,*,0,*,*,2009
Nommern,Mersch,2,*,*,0,*,*,2009
Parc Hosingen,Clervaux,8,*,*,0,*,*,2009
Petange,Esch,87,3076.034,2079 € - 4268 €,33,3557.587,2437 € - 5128 €,2009
Preizerdaul,Redange,1,*,*,4,*,*,2009
Putscheid,Vianden,0,*,*,0,*,*,2009
Rambrouch,Redange,0,*,*,0,*,*,2009
Reckange-sur-Mess,Esch,8,*,*,0,*,*,2009
Redange,Redange,4,*,*,0,*,*,2009
Reisdorf,Diekirch,0,*,*,6,*,*,2009
Remich,Remich,31,3106.261,2301 € - 3905 €,36,3681.461,2738 € - 4407 €,2009
Roeser,Esch,41,3822.888,2636 € - 4619 €,22,4537.518,3686 € - 5289 €,2009
Rosport,Echternach,3,*,*,0,*,*,2009
Rumelange,Esch,20,3295.224,2375 € - 4324 €,13,3825.249,3539 € - 4173 €,2009
Saeul,Redange,8,*,*,0,*,*,2009
Sandweiler,Luxembourg,11,3974.017,2590 € - 4549 €,0,*,*,2009
Sanem,Esch,88,3358.017,2636 € - 4332 €,24,3750.371,3261 € - 4177 €,2009
Schengen,Remich,15,3106.413,2197 € - 4329 €,6,*,*,2009
Schieren,Diekirch,0,*,*,6,*,*,2009
Schifflange,Esch,40,3171.576,2510 € - 3851 €,30,3848.276,3005 € - 4706 €,2009
Schuttrange,Luxembourg,10,3655.212,2301 € - 4153 €,0,*,*,2009
Septfontaines,Capellen,0,*,*,0,*,*,2009
Stadtbredimus,Remich,11,3457.504,2654 € - 3853 €,3,*,*,2009
Steinfort,Capellen,17,3551.988,1805 € - 4662 €,2,*,*,2009
Steinsel,Luxembourg,17,3576.742,2087 € - 4746 €,19,4370.095,3895 € - 4983 €,2009
Strassen,Luxembourg,46,3998.253,2922 € - 5780 €,5,*,*,2009
Tandel,Vianden,3,*,*,2,*,*,2009
Troisvierges,Clervaux,2,*,*,0,*,*,2009
Tuntange,Mersch,0,*,*,0,*,*,2009
Useldange,Redange,7,*,*,1,*,*,2009
Vallée de l'Ernz,Diekirch,2,*,*,0,*,*,2009
Vianden,Vianden,1,*,*,0,*,*,2009
Vichten,Redange,6,*,*,0,*,*,2009
Wahl,Redange,0,*,*,0,*,*,2009
Waldbillig,Echternach,5,*,*,0,*,*,2009
Waldbredimus,Remich,1,*,*,0,*,*,2009
Walferdange,Luxembourg,42,3880.605,2739 € - 4834 €,9,*,*,2009
Weiler-la-Tour,Luxembourg,3,*,*,4,*,*,2009
Weiswampach,Clervaux,5,*,*,4,*,*,2009
Wiltz,Wiltz,8,*,*,4,*,*,2009
Wincrange,Clervaux,3,*,*,0,*,*,2009
Winseler,Wiltz,4,*,*,0,*,*,2009
Wormeldange,Grevenmacher,2,*,*,0,*,*,2009
Beaufort,Echternach,2,*,*,0,*,*,2010
Bech,Echternach,0,*,*,0,*,*,2010
Beckerich,Redange,10,3140.999,2397 € - 3950 €,0,*,*,2010
Berdorf,Echternach,2,*,*,0,*,*,2010
Bertrange,Luxembourg,20,4122.171,3227 € - 5567 €,2,*,*,2010
Bettembourg,Esch,34,3482.89,2470 € - 4289 €,6,*,*,2010
Bettendorf,Diekirch,4,*,*,0,*,*,2010
Betzdorf,Grevenmacher,10,4306.119,3448 € - 5001 €,18,4333.179,3684 € - 4643 €,2010
Bissen,Mersch,14,3245.175,2272 € - 4000 €,3,*,*,2010
Biwer,Grevenmacher,3,*,*,1,*,*,2010
Boevange-sur-Attert,Mersch,2,*,*,0,*,*,2010
Boulaide,Wiltz,2,*,*,2,*,*,2010
Bourscheid,Diekirch,0,*,*,0,*,*,2010
Bous,Remich,5,*,*,6,*,*,2010
Clervaux,Clervaux,12,3321.924,2524 € - 4865 €,16,3042.358,2535 € - 3628 €,2010
Colmar-Berg,Mersch,15,3213.209,2422 € - 4270 €,2,*,*,2010
Consdorf,Echternach,3,*,*,0,*,*,2010
Contern,Luxembourg,11,3853.918,2191 € - 4993 €,0,*,*,2010
Dalheim,Remich,12,3391.231,2705 € - 4254 €,0,*,*,2010
Diekirch,Diekirch,18,3428.99,2455 € - 4152 €,35,4059.979,3251 € - 4651 €,2010
Differdange,Esch,174,3268.796,2391 € - 4073 €,66,3724.288,3232 € - 4236 €,2010
Dippach,Capellen,16,3531.395,2103 € - 5111 €,16,4153.961,3540 € - 4787 €,2010
Dudelange,Esch,123,3459.993,2527 € - 4420 €,34,4090.169,3326 € - 5127 €,2010
Echternach,Echternach,26,3389.834,2491 € - 4249 €,5,*,*,2010
Ell,Redange,8,*,*,12,2869.938,2264 € - 3688 €,2010
Erpeldange,Diekirch,7,*,*,10,3957.967,3206 € - 5063 €,2010
Esch-sur-Alzette,Esch,160,3334.614,2441 € - 4532 €,95,4081.28,3378 € - 4827 €,2010
Esch-sur-Sûre,Wiltz,1,*,*,0,*,*,2010
Eschweiler,Wiltz,4,*,*,0,*,*,2010
Ettelbruck,Diekirch,47,3295.174,2112 € - 4302 €,31,4273.769,3456 € - 4850 €,2010
Feulen,Diekirch,3,*,*,0,*,*,2010
Fischbach,Mersch,4,*,*,0,*,*,2010
Flaxweiler,Grevenmacher,0,*,*,0,*,*,2010
Frisange,Esch,28,3648.618,2706 € - 4807 €,9,*,*,2010
Garnich,Capellen,1,*,*,0,*,*,2010
Goesdorf,Wiltz,4,*,*,2,*,*,2010
Grevenmacher,Grevenmacher,32,3631.911,2620 € - 4795 €,5,*,*,2010
Grosbous,Redange,1,*,*,0,*,*,2010
Heffingen,Mersch,0,*,*,0,*,*,2010
Hesperange,Luxembourg,76,4236.483,3195 € - 5277 €,51,4996.274,3907 € - 6483 €,2010
Hobscheid,Capellen,15,3462.752,2855 € - 3830 €,5,*,*,2010
Junglinster,Grevenmacher,16,3728.844,2739 € - 4620 €,18,4533.006,3648 € - 5197 €,2010
Kaerjeng,Capellen,46,3454.338,2362 € - 4284 €,25,4108.282,3564 € - 4739 €,2010
Kayl,Esch,48,3426.965,2088 € - 4406 €,37,3682.467,2863 € - 5048 €,2010
Kehlen,Capellen,8,*,*,39,4670.821,3401 € - 5427 €,2010
Kiischpelt,Wilz,4,*,*,2,*,*,2010
Koerich,Capellen,1,*,*,0,*,*,2010
Kopstal,Capellen,5,*,*,0,*,*,2010
Lac de la Haute-Sûre,Wiltz,3,*,*,0,*,*,2010
Larochette,Mersch,17,2951.252,1742 € - 3909 €,0,*,*,2010
Lenningen,Remich,5,*,*,8,*,*,2010
Leudelange,Esch,16,3900.804,2534 € - 5327 €,4,*,*,2010
Lintgen,Mersch,11,3588.295,2787 € - 4373 €,17,4089.69,3239 € - 4831 €,2010
Lorentzweiler,Mersch,9,*,*,6,*,*,2010
Luxembourg-Ville,Luxembourg,448,4375.442,2922 € - 6000 €,373,5621.878,4328 € - 7082 €,2010
Mamer,Capellen,16,3717.252,2584 € - 4530 €,12,4569.894,3241 € - 5223 €,2010
Manternach,Grevenmacher,1,*,*,0,*,*,2010
Mersch,Mersch,34,3393.128,2274 € - 4253 €,25,3713.142,3076 € - 4357 €,2010
Mertert,Grevenmacher,9,*,*,17,3844.9,2950 € - 5233 €,2010
Mertzig,Diekirch,2,*,*,0,*,*,2010
Mompach,Echternach,0,*,*,0,*,*,2010
Mondercange,Esch,26,3393.106,2786 € - 3949 €,9,*,*,2010
Mondorf-les-Bains,Remich,26,3749.51,2899 € - 4615 €,8,*,*,2010
Niederanven,Luxembourg,2,*,*,1,*,*,2010
Nommern,Mersch,1,*,*,0,*,*,2010
Parc Hosingen,Clervaux,1,*,*,0,*,*,2010
Petange,Esch,101,3254.111,2344 € - 4059 €,42,3889.626,3070 € - 5008 €,2010
Preizerdaul,Redange,5,*,*,0,*,*,2010
Putscheid,Vianden,0,*,*,0,*,*,2010
Rambrouch,Redange,8,*,*,0,*,*,2010
Reckange-sur-Mess,Esch,14,4050.182,2970 € - 5165 €,0,*,*,2010
Redange,Redange,13,3655.397,2797 € - 5204 €,2,*,*,2010
Reisdorf,Diekirch,1,*,*,2,*,*,2010
Remich,Remich,34,3422.985,2475 € - 4398 €,19,4021.912,3387 € - 4346 €,2010
Roeser,Esch,56,4105.127,3199 € - 4885 €,26,4415.29,3763 € - 5412 €,2010
Rosport,Echternach,5,*,*,0,*,*,2010
Rumelange,Esch,25,2956.041,2075 € - 3611 €,16,3898.048,3451 € - 4354 €,2010
Saeul,Redange,5,*,*,0,*,*,2010
Sandweiler,Luxembourg,11,4178.674,3125 € - 4666 €,16,4465.932,3560 € - 5800 €,2010
Sanem,Esch,62,3350.863,2211 € - 4191 €,93,3767.428,3135 € - 4439 €,2010
Schengen,Remich,24,3158.712,2046 € - 3991 €,3,*,*,2010
Schieren,Diekirch,4,*,*,15,4107.194,3801 € - 4667 €,2010
Schifflange,Esch,55,3390.239,2144 € - 4415 €,41,3887.972,3100 € - 4764 €,2010
Schuttrange,Luxembourg,8,*,*,1,*,*,2010
Septfontaines,Capellen,0,*,*,0,*,*,2010
Stadtbredimus,Remich,5,*,*,1,*,*,2010
Steinfort,Capellen,17,3471.206,2875 € - 4646 €,6,*,*,2010
Steinsel,Luxembourg,12,3793.651,3015 € - 4644 €,13,4273.856,3862 € - 4815 €,2010
Strassen,Luxembourg,54,4498.962,3009 € - 5877 €,34,5305.981,4339 € - 6002 €,2010
Tandel,Vianden,4,*,*,2,*,*,2010
Troisvierges,Clervaux,1,*,*,0,*,*,2010
Tuntange,Mersch,5,*,*,0,*,*,2010
Useldange,Redange,1,*,*,0,*,*,2010
Vallée de l'Ernz,Diekirch,8,*,*,5,*,*,2010
Vianden,Vianden,3,*,*,0,*,*,2010
Vichten,Redange,4,*,*,0,*,*,2010
Wahl,Redange,0,*,*,0,*,*,2010
Waldbillig,Echternach,1,*,*,0,*,*,2010
Waldbredimus,Remich,2,*,*,0,*,*,2010
Walferdange,Luxembourg,37,4066.93,2936 € - 5053 €,15,4579.322,4026 € - 5103 €,2010
Weiler-la-Tour,Luxembourg,12,4556.459,3775 € - 5494 €,6,*,*,2010
Weiswampach,Clervaux,3,*,*,7,*,*,2010
Wiltz,Wiltz,16,2894.613,2272 € - 4249 €,2,*,*,2010
Wincrange,Clervaux,4,*,*,5,*,*,2010
Winseler,Wiltz,7,*,*,0,*,*,2010
Wormeldange,Grevenmacher,11,3049.652,1908 € - 4062 €,2,*,*,2010
Beaufort,Echternach,4,*,*,0,*,*,2011
Bech,Echternach,2,*,*,0,*,*,2011
Beckerich,Redange,4,*,*,0,*,*,2011
Berdorf,Echternach,6,*,*,4,*,*,2011
Bertrange,Luxembourg,33,4610.767,3540 € - 5587 €,107,5646.438,5128 € - 6329 €,2011
Bettembourg,Esch,33,3672.309,2746 € - 4389 €,28,4215.006,3440 € - 4901 €,2011
Bettendorf,Diekirch,8,*,*,0,*,*,2011
Betzdorf,Grevenmacher,18,4179.503,2964 € - 5253 €,4,*,*,2011
Bissen,Mersch,14,3517.562,2516 € - 4065 €,0,*,*,2011
Biwer,Grevenmacher,1,*,*,0,*,*,2011
Boevange-sur-Attert,Mersch,5,*,*,0,*,*,2011
Boulaide,Wiltz,5,*,*,0,*,*,2011
Bourscheid,Diekirch,0,*,*,0,*,*,2011
Bous,Remich,10,3958.893,2759 € - 4753 €,0,*,*,2011
Clervaux,Clervaux,18,2951.121,1882 € - 4503 €,11,3188.23,2879 € - 3422 €,2011
Colmar-Berg,Mersch,23,3372.796,2579 € - 3938 €,17,3735.867,3057 € - 4300 €,2011
Consdorf,Echternach,1,*,*,0,*,*,2011
Contern,Luxembourg,14,4201.906,2928 € - 6358 €,0,*,*,2011
Dalheim,Remich,6,*,*,0,*,*,2011
Diekirch,Diekirch,23,3556.437,2159 € - 4620 €,36,4205.066,3091 € - 5307 €,2011
Differdange,Esch,164,3397.404,2317 € - 4315 €,91,3820.467,3000 € - 4558 €,2011
Dippach,Capellen,15,3755.555,3028 € - 4698 €,7,*,*,2011
Dudelange,Esch,120,3499.34,2585 € - 4463 €,13,4188.708,2886 € - 4591 €,2011
Echternach,Echternach,24,3350.291,2556 € - 3887 €,1,*,*,2011
Ell,Redange,7,*,*,0,*,*,2011
Erpeldange,Diekirch,3,*,*,6,*,*,2011
Esch-sur-Alzette,Esch,210,3493.531,2293 € - 4624 €,119,4358.958,3734 € - 5293 €,2011
Esch-sur-Sûre,Wiltz,3,*,*,0,*,*,2011
Eschweiler,Wiltz,1,*,*,0,*,*,2011
Ettelbruck,Diekirch,35,3561.33,2292 € - 4646 €,37,4384.528,3690 € - 4885 €,2011
Feulen,Diekirch,3,*,*,0,*,*,2011
Fischbach,Mersch,8,*,*,0,*,*,2011
Flaxweiler,Grevenmacher,0,*,*,0,*,*,2011
Frisange,Esch,20,3543.395,1942 € - 4798 €,12,4486.69,3695 € - 4909 €,2011
Garnich,Capellen,0,*,*,0,*,*,2011
Goesdorf,Wiltz,3,*,*,7,*,*,2011
Grevenmacher,Grevenmacher,31,3579.866,2121 € - 4622 €,16,3486.124,3020 € - 4017 €,2011
Grosbous,Redange,2,*,*,2,*,*,2011
Heffingen,Mersch,2,*,*,0,*,*,2011
Hesperange,Luxembourg,92,4423.53,3053 € - 5545 €,27,5100.993,3821 € - 5907 €,2011
Hobscheid,Capellen,25,3496.858,2870 € - 4344 €,12,3607.754,3300 € - 3878 €,2011
Junglinster,Grevenmacher,20,3876.126,3141 € - 4861 €,28,4298.82,3758 € - 4946 €,2011
Kaerjeng,Capellen,60,3655.145,2932 € - 4670 €,29,4233.321,3642 € - 4953 €,2011
Kayl,Esch,48,3521.893,2586 € - 4386 €,58,3914.491,3294 € - 4520 €,2011
Kehlen,Capellen,11,3745.568,2201 € - 4505 €,15,4249.167,3916 € - 5322 €,2011
Kiischpelt,Wilz,2,*,*,0,*,*,2011
Koerich,Capellen,2,*,*,0,*,*,2011
Kopstal,Capellen,5,*,*,23,5799.917,4439 € - 7212 €,2011
Lac de la Haute-Sûre,Wiltz,2,*,*,0,*,*,2011
Larochette,Mersch,15,3106.795,2226 € - 3945 €,1,*,*,2011
Lenningen,Remich,4,*,*,2,*,*,2011
Leudelange,Esch,18,4475.248,3361 € - 5648 €,14,5066.268,4606 € - 5669 €,2011
Lintgen,Mersch,18,3674.715,2714 € - 4862 €,6,*,*,2011
Lorentzweiler,Mersch,16,4037.158,2744 € - 5018 €,7,*,*,2011
Luxembourg-Ville,Luxembourg,506,4721.346,3209 € - 6376 €,470,5469.143,4288 € - 7042 €,2011
Mamer,Capellen,23,4116.783,2830 € - 4849 €,14,5080.397,4152 € - 5672 €,2011
Manternach,Grevenmacher,1,*,*,0,*,*,2011
Mersch,Mersch,39,3786.041,2548 € - 5133 €,25,4444.478,3467 € - 5228 €,2011
Mertert,Grevenmacher,30,3429.063,2366 € - 4224 €,10,3999.828,3048 € - 4576 €,2011
Mertzig,Diekirch,4,*,*,0,*,*,2011
Mompach,Echternach,0,*,*,0,*,*,2011
Mondercange,Esch,30,3750.917,3034 € - 5091 €,9,*,*,2011
Mondorf-les-Bains,Remich,50,3824.959,2863 € - 4791 €,2,*,*,2011
Niederanven,Luxembourg,2,*,*,3,*,*,2011
Nommern,Mersch,1,*,*,9,*,*,2011
Parc Hosingen,Clervaux,9,*,*,0,*,*,2011
Petange,Esch,107,3486.133,2386 € - 4844 €,89,3542.348,2908 € - 4149 €,2011
Preizerdaul,Redange,2,*,*,6,*,*,2011
Putscheid,Vianden,1,*,*,0,*,*,2011
Rambrouch,Redange,4,*,*,0,*,*,2011
Reckange-sur-Mess,Esch,9,*,*,2,*,*,2011
Redange,Redange,9,*,*,0,*,*,2011
Reisdorf,Diekirch,2,*,*,0,*,*,2011
Remich,Remich,42,3585.959,2442 € - 4474 €,8,*,*,2011
Roeser,Esch,55,4290.286,3484 € - 5154 €,13,4661.442,4080 € - 6100 €,2011
Rosport,Echternach,4,*,*,0,*,*,2011
Rumelange,Esch,27,3224.222,2179 € - 4190 €,11,3447.223,2967 € - 4262 €,2011
Saeul,Redange,8,*,*,0,*,*,2011
Sandweiler,Luxembourg,10,4613.913,3467 € - 5791 €,18,4684.979,4050 € - 5306 €,2011
Sanem,Esch,66,3457.655,2618 € - 4116 €,63,3982.836,3257 € - 5005 €,2011
Schengen,Remich,25,3359.153,2364 € - 4084 €,12,3631.195,3069 € - 3969 €,2011
Schieren,Diekirch,5,*,*,14,4237.6,3728 € - 4651 €,2011
Schifflange,Esch,48,3670.49,2420 € - 4802 €,20,3755.776,2912 € - 4862 €,2011
Schuttrange,Luxembourg,12,3997.651,3208 € - 5467 €,0,*,*,2011
Septfontaines,Capellen,0,*,*,0,*,*,2011
Stadtbredimus,Remich,8,*,*,0,*,*,2011
Steinfort,Capellen,10,3724.306,2627 € - 4333 €,9,*,*,2011
Steinsel,Luxembourg,5,*,*,3,*,*,2011
Strassen,Luxembourg,49,4525.211,3362 € - 5682 €,18,5657.992,4746 € - 6869 €,2011
Tandel,Vianden,4,*,*,2,*,*,2011
Troisvierges,Clervaux,3,*,*,0,*,*,2011
Tuntange,Mersch,2,*,*,12,3740.663,3189 € - 4394 €,2011
Useldange,Redange,5,*,*,0,*,*,2011
Vallée de l'Ernz,Diekirch,10,2957.284,2127 € - 3773 €,9,*,*,2011
Vianden,Vianden,3,*,*,4,*,*,2011
Vichten,Redange,5,*,*,0,*,*,2011
Wahl,Redange,3,*,*,0,*,*,2011
Waldbillig,Echternach,1,*,*,0,*,*,2011
Waldbredimus,Remich,3,*,*,0,*,*,2011
Walferdange,Luxembourg,44,4292.468,3148 € - 5435 €,9,*,*,2011
Weiler-la-Tour,Luxembourg,7,*,*,10,4389.929,3859 € - 5095 €,2011
Weiswampach,Clervaux,7,*,*,0,*,*,2011
Wiltz,Wiltz,18,2982.909,2097 € - 4691 €,3,*,*,2011
Wincrange,Clervaux,4,*,*,3,*,*,2011
Winseler,Wiltz,8,*,*,1,*,*,2011
Wormeldange,Grevenmacher,15,3108.051,1963 € - 4442 €,0,*,*,2011
Beaufort,Echternach,8,*,*,0,*,*,2012
Bech,Echternach,1,*,*,0,*,*,2012
Beckerich,Redange,5,*,*,0,*,*,2012
Berdorf,Echternach,4,*,*,0,*,*,2012
Bertrange,Luxembourg,41,4698.006,3502 € - 6088 €,90,6107.918,5319 € - 7253 €,2012
Bettembourg,Esch,32,3666.91,2754 € - 4564 €,28,4453.785,3493 € - 5100 €,2012
Bettendorf,Diekirch,5,*,*,0,*,*,2012
Betzdorf,Grevenmacher,12,4020.1,2474 € - 4971 €,2,*,*,2012
Bissen,Mersch,7,*,*,7,*,*,2012
Biwer,Grevenmacher,2,*,*,0,*,*,2012
Boevange-sur-Attert,Mersch,0,*,*,0,*,*,2012
Boulaide,Wiltz,2,*,*,0,*,*,2012
Bourscheid,Diekirch,1,*,*,0,*,*,2012
Bous,Remich,3,*,*,11,3554.878,2917 € - 4070 €,2012
Clervaux,Clervaux,24,3007.043,2003 € - 3499 €,0,*,*,2012
Colmar-Berg,Mersch,21,3459.188,2534 € - 4061 €,5,*,*,2012
Consdorf,Echternach,1,*,*,0,*,*,2012
Contern,Luxembourg,7,*,*,9,*,*,2012
Dalheim,Remich,5,*,*,0,*,*,2012
Diekirch,Diekirch,31,3652.541,2282 € - 4487 €,8,*,*,2012
Differdange,Esch,167,3495.463,2337 € - 4579 €,84,3843.486,3280 € - 4322 €,2012
Dippach,Capellen,17,3793.629,1748 € - 5135 €,11,4651.735,4263 € - 5130 €,2012
Dudelange,Esch,109,3726.644,2423 € - 4809 €,35,4413.628,3711 € - 5129 €,2012
Echternach,Echternach,25,3668.146,2931 € - 4790 €,3,*,*,2012
Ell,Redange,5,*,*,9,*,*,2012
Erpeldange,Diekirch,7,*,*,2,*,*,2012
Esch-sur-Alzette,Esch,181,3426.611,2183 € - 4340 €,142,4588.709,3779 € - 5666 €,2012
Esch-sur-Sûre,Wiltz,5,*,*,0,*,*,2012
Eschweiler,Wiltz,6,*,*,0,*,*,2012
Ettelbruck,Diekirch,54,3608.368,2560 € - 4499 €,7,*,*,2012
Feulen,Diekirch,1,*,*,5,*,*,2012
Fischbach,Mersch,8,*,*,0,*,*,2012
Flaxweiler,Grevenmacher,1,*,*,0,*,*,2012
Frisange,Esch,15,3740.67,1903 € - 4819 €,12,3656.909,2537 € - 4521 €,2012
Garnich,Capellen,0,*,*,0,*,*,2012
Goesdorf,Wiltz,9,*,*,8,*,*,2012
Grevenmacher,Grevenmacher,44,3656.865,2767 € - 4922 €,10,3806.672,2965 € - 4625 €,2012
Grosbous,Redange,4,*,*,4,*,*,2012
Heffingen,Mersch,3,*,*,0,*,*,2012
Hesperange,Luxembourg,87,4585.163,3387 € - 5896 €,30,5397.53,4008 € - 7033 €,2012
Hobscheid,Capellen,19,3567.256,2771 € - 4224 €,6,*,*,2012
Junglinster,Grevenmacher,16,4440.737,3439 € - 5325 €,48,4942.814,4187 € - 6124 €,2012
Kaerjeng,Capellen,51,3722.413,2816 € - 4769 €,5,*,*,2012
Kayl,Esch,52,3742.394,2875 € - 4569 €,28,4165.861,3405 € - 4886 €,2012
Kehlen,Capellen,18,4328.216,3252 € - 5532 €,4,*,*,2012
Kiischpelt,Wilz,1,*,*,0,*,*,2012
Koerich,Capellen,4,*,*,0,*,*,2012
Kopstal,Capellen,6,*,*,17,5846.862,4672 € - 7065 €,2012
Lac de la Haute-Sûre,Wiltz,3,*,*,3,*,*,2012
Larochette,Mersch,11,3167.292,2055 € - 3916 €,1,*,*,2012
Lenningen,Remich,5,*,*,0,*,*,2012
Leudelange,Esch,13,4614.376,3715 € - 5591 €,12,4913.145,4491 € - 5839 €,2012
Lintgen,Mersch,23,3884.23,2767 € - 4920 €,6,*,*,2012
Lorentzweiler,Mersch,6,*,*,17,4954.346,3604 € - 5861 €,2012
Luxembourg-Ville,Luxembourg,458,5071.203,3520 € - 6845 €,415,5789.002,4521 € - 7582 €,2012
Mamer,Capellen,31,4331.828,3074 € - 5279 €,41,5031.616,4023 € - 5749 €,2012
Manternach,Grevenmacher,1,*,*,0,*,*,2012
Mersch,Mersch,41,3908.377,2970 € - 4670 €,14,4520.063,3313 € - 4935 €,2012
Mertert,Grevenmacher,14,3468.296,1804 € - 4368 €,8,*,*,2012
Mertzig,Diekirch,2,*,*,0,*,*,2012
Mompach,Echternach,1,*,*,0,*,*,2012
Mondercange,Esch,29,3840.847,2863 € - 4995 €,2,*,*,2012
Mondorf-les-Bains,Remich,38,4122.83,3201 € - 5078 €,6,*,*,2012
Niederanven,Luxembourg,2,*,*,0,*,*,2012
Nommern,Mersch,0,*,*,0,*,*,2012
Parc Hosingen,Clervaux,10,3044.01,2454 € - 3462 €,0,*,*,2012
Petange,Esch,110,3490.944,2564 € - 4396 €,87,3449.667,2904 € - 4369 €,2012
Preizerdaul,Redange,1,*,*,0,*,*,2012
Putscheid,Vianden,1,*,*,0,*,*,2012
Rambrouch,Redange,6,*,*,0,*,*,2012
Reckange-sur-Mess,Esch,5,*,*,1,*,*,2012
Redange,Redange,9,*,*,0,*,*,2012
Reisdorf,Diekirch,2,*,*,0,*,*,2012
Remich,Remich,28,3548.208,2460 € - 4846 €,13,4219.075,2780 € - 4972 €,2012
Roeser,Esch,35,4378.42,3497 € - 5742 €,31,4806.334,4276 € - 5922 €,2012
Rosport,Echternach,3,*,*,0,*,*,2012
Rumelange,Esch,30,3432.808,2525 € - 4260 €,14,4076.799,3416 € - 4891 €,2012
Saeul,Redange,4,*,*,0,*,*,2012
Sandweiler,Luxembourg,10,4362.772,3714 € - 5274 €,7,*,*,2012
Sanem,Esch,71,3670.783,2532 € - 4705 €,59,4215.595,3197 € - 5082 €,2012
Schengen,Remich,16,3619.799,2446 € - 4787 €,13,4590.349,3903 € - 5184 €,2012
Schieren,Diekirch,7,*,*,27,4247.219,3604 € - 4778 €,2012
Schifflange,Esch,40,3408.858,2254 € - 4366 €,37,4248.729,3076 € - 5139 €,2012
Schuttrange,Luxembourg,7,*,*,2,*,*,2012
Septfontaines,Capellen,0,*,*,0,*,*,2012
Stadtbredimus,Remich,5,*,*,6,*,*,2012
Steinfort,Capellen,10,3549.644,2115 € - 4511 €,13,4178.706,3862 € - 4564 €,2012
Steinsel,Luxembourg,16,4270.386,2612 € - 5845 €,0,*,*,2012
Strassen,Luxembourg,54,5059.878,3544 € - 6219 €,28,5966.764,4600 € - 7121 €,2012
Tandel,Vianden,7,*,*,0,*,*,2012
Troisvierges,Clervaux,5,*,*,0,*,*,2012
Tuntange,Mersch,6,*,*,6,*,*,2012
Useldange,Redange,2,*,*,0,*,*,2012
Vallée de l'Ernz,Diekirch,1,*,*,6,*,*,2012
Vianden,Vianden,0,*,*,6,*,*,2012
Vichten,Redange,2,*,*,0,*,*,2012
Wahl,Redange,0,*,*,0,*,*,2012
Waldbillig,Echternach,4,*,*,6,*,*,2012
Waldbredimus,Remich,1,*,*,0,*,*,2012
Walferdange,Luxembourg,32,4571.507,3568 € - 5666 €,9,*,*,2012
Weiler-la-Tour,Luxembourg,6,*,*,1,*,*,2012
Weiswampach,Clervaux,5,*,*,10,3861.883,3069 € - 5578 €,2012
Wiltz,Wiltz,24,2868.001,2386 € - 3432 €,1,*,*,2012
Wincrange,Clervaux,6,*,*,1,*,*,2012
Winseler,Wiltz,8,*,*,5,*,*,2012
Wormeldange,Grevenmacher,6,*,*,1,*,*,2012
Beaufort,Echternach,1,*,*,0,*,*,2013
Bech,Echternach,1,*,*,0,*,*,2013
Beckerich,Redange,8,*,*,1,*,*,2013
Berdorf,Echternach,3,*,*,2,*,*,2013
Bertrange,Luxembourg,31,5367.213,3603 € - 6705 €,92,6194.925,5321 € - 7041 €,2013
Bettembourg,Esch,52,3804.153,2589 € - 4959 €,28,5178.687,4078 € - 6516 €,2013
Bettendorf,Diekirch,10,3555.294,2256 € - 5275 €,2,*,*,2013
Betzdorf,Grevenmacher,8,*,*,0,*,*,2013
Bissen,Mersch,13,3155.827,1880 € - 3794 €,1,*,*,2013
Biwer,Grevenmacher,4,*,*,0,*,*,2013
Boevange-sur-Attert,Mersch,2,*,*,0,*,*,2013
Boulaide,Wiltz,3,*,*,0,*,*,2013
Bourscheid,Diekirch,1,*,*,2,*,*,2013
Bous,Remich,2,*,*,2,*,*,2013
Clervaux,Clervaux,18,2927.163,1679 € - 3532 €,9,*,*,2013
Colmar-Berg,Mersch,23,3441.542,2930 € - 3962 €,8,*,*,2013
Consdorf,Echternach,1,*,*,0,*,*,2013
Contern,Luxembourg,6,*,*,3,*,*,2013
Dalheim,Remich,2,*,*,0,*,*,2013
Diekirch,Diekirch,29,3770.578,2164 € - 4967 €,35,4640.46,3722 € - 5211 €,2013
Differdange,Esch,175,3604.329,2290 € - 4696 €,77,3870.767,3198 € - 4683 €,2013
Dippach,Capellen,12,4009.644,2349 € - 5357 €,6,*,*,2013
Dudelange,Esch,122,3766.274,2550 € - 4612 €,27,4687.194,3710 € - 5479 €,2013
Echternach,Echternach,24,3560.576,2264 € - 4214 €,7,*,*,2013
Ell,Redange,5,*,*,0,*,*,2013
Erpeldange,Diekirch,13,3832.546,2777 € - 4899 €,0,*,*,2013
Esch-sur-Alzette,Esch,193,3798.34,2600 € - 5116 €,52,4496.925,3586 € - 5356 €,2013
Esch-sur-Sûre,Wiltz,2,*,*,2,*,*,2013
Eschweiler,Wiltz,1,*,*,0,*,*,2013
Ettelbruck,Diekirch,49,3495.778,1811 € - 4893 €,12,4629.116,3179 € - 5107 €,2013
Feulen,Diekirch,1,*,*,0,*,*,2013
Fischbach,Mersch,7,*,*,0,*,*,2013
Flaxweiler,Grevenmacher,1,*,*,0,*,*,2013
Frisange,Esch,28,4374.453,3466 € - 5397 €,31,4827.583,3898 € - 5765 €,2013
Garnich,Capellen,1,*,*,0,*,*,2013
Goesdorf,Wiltz,7,*,*,0,*,*,2013
Grevenmacher,Grevenmacher,24,3845.828,2686 € - 4972 €,6,*,*,2013
Grosbous,Redange,6,*,*,0,*,*,2013
Heffingen,Mersch,0,*,*,3,*,*,2013
Hesperange,Luxembourg,96,4758.769,3386 € - 5932 €,16,5643.494,4338 € - 6378 €,2013
Hobscheid,Capellen,12,3786.632,2606 € - 4522 €,10,3939.803,3220 € - 4277 €,2013
Junglinster,Grevenmacher,18,4441.937,3573 € - 5543 €,8,*,*,2013
Kaerjeng,Capellen,37,3583.825,2397 € - 4708 €,4,*,*,2013
Kayl,Esch,52,3867.934,2431 € - 4976 €,14,4467.305,3943 € - 5245 €,2013
Kehlen,Capellen,16,4281.092,2053 € - 5689 €,5,*,*,2013
Kiischpelt,Wilz,1,*,*,0,*,*,2013
Koerich,Capellen,6,*,*,2,*,*,2013
Kopstal,Capellen,7,*,*,37,5805.74,4596 € - 8099 €,2013
Lac de la Haute-Sûre,Wiltz,1,*,*,4,*,*,2013
Larochette,Mersch,11,3588.372,2707 € - 4302 €,9,*,*,2013
Lenningen,Remich,4,*,*,0,*,*,2013
Leudelange,Esch,14,4676.211,3796 € - 5641 €,9,*,*,2013
Lintgen,Mersch,12,3891.442,3057 € - 5293 €,21,4273.114,3567 € - 5220 €,2013
Lorentzweiler,Mersch,8,*,*,6,*,*,2013
Luxembourg-Ville,Luxembourg,433,5339.873,3644 € - 7358 €,408,6443.662,4973 € - 8637 €,2013
Mamer,Capellen,24,4640.985,3891 € - 5410 €,22,4790.469,3413 € - 5608 €,2013
Manternach,Grevenmacher,0,*,*,0,*,*,2013
Mersch,Mersch,51,3992.072,2642 € - 5050 €,6,*,*,2013
Mertert,Grevenmacher,17,3487.794,2322 € - 4748 €,19,3925.931,2582 € - 4858 €,2013
Mertzig,Diekirch,1,*,*,0,*,*,2013
Mompach,Echternach,0,*,*,0,*,*,2013
Mondercange,Esch,22,3951.249,3118 € - 5051 €,0,*,*,2013
Mondorf-les-Bains,Remich,37,3977.683,2638 € - 5319 €,44,5274.712,3878 € - 6498 €,2013
Niederanven,Luxembourg,3,*,*,0,*,*,2013
Nommern,Mersch,0,*,*,0,*,*,2013
Parc Hosingen,Clervaux,8,*,*,0,*,*,2013
Petange,Esch,92,3536.948,2556 € - 4517 €,67,3934.035,2997 € - 5083 €,2013
Preizerdaul,Redange,3,*,*,2,*,*,2013
Putscheid,Vianden,0,*,*,0,*,*,2013
Rambrouch,Redange,3,*,*,0,*,*,2013
Reckange-sur-Mess,Esch,5,*,*,0,*,*,2013
Redange,Redange,3,*,*,0,*,*,2013
Reisdorf,Diekirch,2,*,*,0,*,*,2013
Remich,Remich,35,3690.3,2193 € - 4800 €,3,*,*,2013
Roeser,Esch,52,4382.902,3306 € - 5539 €,22,5409.038,4562 € - 6538 €,2013
Rosport,Echternach,2,*,*,0,*,*,2013
Rumelange,Esch,25,3475.385,2464 € - 4791 €,1,*,*,2013
Saeul,Redange,3,*,*,0,*,*,2013
Sandweiler,Luxembourg,16,4837.229,3093 € - 6168 €,0,*,*,2013
Sanem,Esch,63,3695.969,2830 € - 4457 €,121,4409.834,3552 € - 5472 €,2013
Schengen,Remich,22,3640.58,2867 € - 4687 €,16,5147.937,3598 € - 6536 €,2013
Schieren,Diekirch,3,*,*,7,*,*,2013
Schifflange,Esch,37,3727.367,2201 € - 5547 €,60,4385.45,3555 € - 5587 €,2013
Schuttrange,Luxembourg,12,4382.679,3739 € - 5625 €,2,*,*,2013
Septfontaines,Capellen,0,*,*,0,*,*,2013
Stadtbredimus,Remich,8,*,*,3,*,*,2013
Steinfort,Capellen,10,3956.172,3556 € - 4433 €,15,4637.883,4080 € - 5371 €,2013
Steinsel,Luxembourg,14,4254.747,2585 € - 6096 €,15,5467.176,4341 € - 7478 €,2013
Strassen,Luxembourg,51,5232.576,3886 € - 6863 €,44,6292.847,5586 € - 7321 €,2013
Tandel,Vianden,9,*,*,0,*,*,2013
Troisvierges,Clervaux,5,*,*,0,*,*,2013
Tuntange,Mersch,7,*,*,17,4552.961,3936 € - 5130 €,2013
Useldange,Redange,6,*,*,3,*,*,2013
Vallée de l'Ernz,Diekirch,6,*,*,2,*,*,2013
Vianden,Vianden,5,*,*,2,*,*,2013
Vichten,Redange,8,*,*,0,*,*,2013
Wahl,Redange,2,*,*,0,*,*,2013
Waldbillig,Echternach,2,*,*,4,*,*,2013
Waldbredimus,Remich,2,*,*,0,*,*,2013
Walferdange,Luxembourg,36,4621.71,2964 € - 5744 €,6,*,*,2013
Weiler-la-Tour,Luxembourg,5,*,*,0,*,*,2013
Weiswampach,Clervaux,6,*,*,16,3318.423,2382 € - 3843 €,2013
Wiltz,Wiltz,16,2821.589,1912 € - 4685 €,2,*,*,2013
Wincrange,Clervaux,5,*,*,0,*,*,2013
Winseler,Wiltz,5,*,*,13,3593.943,2996 € - 4624 €,2013
Wormeldange,Grevenmacher,6,*,*,2,*,*,2013
Beaufort,Echternach,5,*,*,0,*,*,2014
Bech,Echternach,2,*,*,0,*,*,2014
Beckerich,Redange,4,*,*,2,*,*,2014
Berdorf,Echternach,7,*,*,1,*,*,2014
Bertrange,Luxembourg,51,5974.742,4045 € - 7711 €,48,6974.749,5452 € - 8113 €,2014
Bettembourg,Esch,40,3925.209,3064 € - 4540 €,49,5515.051,4216 € - 6860 €,2014
Bettendorf,Diekirch,6,*,*,5,*,*,2014
Betzdorf,Grevenmacher,11,4058.906,2261 € - 5174 €,0,*,*,2014
Bissen,Mersch,8,*,*,14,4404.352,3828 € - 4722 €,2014
Biwer,Grevenmacher,0,*,*,0,*,*,2014
Boevange-sur-Attert,Mersch,1,*,*,0,*,*,2014
Boulaide,Wiltz,4,*,*,0,*,*,2014
Bourscheid,Diekirch,0,*,*,0,*,*,2014
Bous,Remich,6,*,*,2,*,*,2014
Clervaux,Clervaux,22,3105.94,2065 € - 3893 €,19,3659.109,3418 € - 3931 €,2014
Colmar-Berg,Mersch,23,3667.436,2905 € - 4253 €,0,*,*,2014
Consdorf,Echternach,2,*,*,0,*,*,2014
Contern,Luxembourg,16,4237.257,2814 € - 7180 €,0,*,*,2014
Dalheim,Remich,3,*,*,0,*,*,2014
Diekirch,Diekirch,32,3747.355,2640 € - 5006 €,56,4815.85,4086 € - 5696 €,2014
Differdange,Esch,208,3676.2,2562 € - 4755 €,131,4083.738,3380 € - 4804 €,2014
Dippach,Capellen,13,4310.926,3281 € - 5529 €,0,*,*,2014
Dudelange,Esch,131,3837.057,2698 € - 4827 €,67,5321.431,4297 € - 6126 €,2014
Echternach,Echternach,22,3924.517,3061 € - 5018 €,1,*,*,2014
Ell,Redange,5,*,*,8,*,*,2014
Erpeldange,Diekirch,8,*,*,0,*,*,2014
Esch-sur-Alzette,Esch,279,3894.455,2846 € - 5136 €,66,4704.335,3959 € - 5386 €,2014
Esch-sur-Sûre,Wiltz,6,*,*,1,*,*,2014
Eschweiler,Wiltz,2,*,*,0,*,*,2014
Ettelbruck,Diekirch,54,4065.033,2756 € - 5404 €,25,4811.917,3291 € - 5819 €,2014
Feulen,Diekirch,7,*,*,3,*,*,2014
Fischbach,Mersch,3,*,*,0,*,*,2014
Flaxweiler,Grevenmacher,0,*,*,0,*,*,2014
Frisange,Esch,29,4120.192,3195 € - 5048 €,15,4792.413,3770 € - 5781 €,2014
Garnich,Capellen,2,*,*,0,*,*,2014
Goesdorf,Wiltz,12,3364.693,2495 € - 4034 €,0,*,*,2014
Grevenmacher,Grevenmacher,36,4132.43,3106 € - 4872 €,2,*,*,2014
Grosbous,Redange,4,*,*,10,4438.738,4088 € - 4860 €,2014
Heffingen,Mersch,2,*,*,5,*,*,2014
Hesperange,Luxembourg,103,4948.887,3692 € - 6149 €,11,6010.304,4898 € - 7225 €,2014
Hobscheid,Capellen,15,3722.201,2821 € - 4379 €,2,*,*,2014
Junglinster,Grevenmacher,18,4473.54,3037 € - 6032 €,16,4830.23,3497 € - 5598 €,2014
Kaerjeng,Capellen,46,3844.951,2946 € - 4716 €,2,*,*,2014
Kayl,Esch,51,3897.749,2860 € - 4780 €,47,4389.146,2937 € - 5597 €,2014
Kehlen,Capellen,13,4532.964,3054 € - 5706 €,11,5113.648,4626 € - 5927 €,2014
Kiischpelt,Wilz,2,*,*,0,*,*,2014
Koerich,Capellen,5,*,*,5,*,*,2014
Kopstal,Capellen,11,5070.544,3348 € - 7473 €,13,6671.999,5609 € - 7934 €,2014
Lac de la Haute-Sûre,Wiltz,3,*,*,0,*,*,2014
Larochette,Mersch,12,3735.932,2890 € - 4234 €,1,*,*,2014
Lenningen,Remich,3,*,*,0,*,*,2014
Leudelange,Esch,16,4993.801,3863 € - 6342 €,5,*,*,2014
Lintgen,Mersch,16,4165.789,3006 € - 5248 €,29,4205.323,3633 € - 5357 €,2014
Lorentzweiler,Mersch,13,4713.437,3231 € - 5879 €,17,5435.31,4993 € - 5943 €,2014
Luxembourg-Ville,Luxembourg,536,5616.201,3946 € - 7564 €,447,6745.443,5099 € - 9089 €,2014
Mamer,Capellen,39,4699.109,2996 € - 5693 €,12,5532.278,3745 € - 6067 €,2014
Manternach,Grevenmacher,0,*,*,0,*,*,2014
Mersch,Mersch,61,4115.708,3176 € - 5283 €,38,4568.739,3347 € - 5306 €,2014
Mertert,Grevenmacher,24,3661.58,2701 € - 4661 €,6,*,*,2014
Mertzig,Diekirch,4,*,*,0,*,*,2014
Mompach,Echternach,0,*,*,0,*,*,2014
Mondercange,Esch,29,4268.125,3100 € - 5011 €,5,*,*,2014
Mondorf-les-Bains,Remich,53,4240.231,3106 € - 5310 €,36,4949.143,3763 € - 6210 €,2014
Niederanven,Luxembourg,1,*,*,0,*,*,2014
Nommern,Mersch,3,*,*,0,*,*,2014
Parc Hosingen,Clervaux,8,*,*,8,*,*,2014
Petange,Esch,105,3590.012,2548 € - 4656 €,129,3781.58,2911 € - 4884 €,2014
Preizerdaul,Redange,4,*,*,2,*,*,2014
Putscheid,Vianden,0,*,*,0,*,*,2014
Rambrouch,Redange,7,*,*,0,*,*,2014
Reckange-sur-Mess,Esch,9,*,*,0,*,*,2014
Redange,Redange,5,*,*,17,4083.966,2504 € - 5313 €,2014
Reisdorf,Diekirch,2,*,*,0,*,*,2014
Remich,Remich,40,3766.704,2274 € - 4944 €,3,*,*,2014
Roeser,Esch,55,4472.968,3260 € - 5725 €,39,5374.824,4769 € - 6324 €,2014
Rosport,Echternach,2,*,*,0,*,*,2014
Rumelange,Esch,29,3558.148,2759 € - 4617 €,0,*,*,2014
Saeul,Redange,9,*,*,3,*,*,2014
Sandweiler,Luxembourg,19,4862.558,3790 € - 6453 €,1,*,*,2014
Sanem,Esch,86,4053.875,2852 € - 5277 €,137,4685.347,4111 € - 5291 €,2014
Schengen,Remich,30,3261.414,1836 € - 4392 €,4,*,*,2014
Schieren,Diekirch,4,*,*,0,*,*,2014
Schifflange,Esch,56,3789.138,2828 € - 5088 €,39,4595.778,4056 € - 5668 €,2014
Schuttrange,Luxembourg,18,4734.676,3787 € - 5472 €,2,*,*,2014
Septfontaines,Capellen,0,*,*,0,*,*,2014
Stadtbredimus,Remich,16,3578.761,2025 € - 4909 €,2,*,*,2014
Steinfort,Capellen,20,3942.106,2619 € - 4997 €,8,*,*,2014
Steinsel,Luxembourg,14,4564.085,3640 € - 5927 €,4,*,*,2014
Strassen,Luxembourg,59,5576.987,3674 € - 7174 €,112,6809.667,6125 € - 7741 €,2014
Tandel,Vianden,2,*,*,2,*,*,2014
Troisvierges,Clervaux,6,*,*,0,*,*,2014
Tuntange,Mersch,5,*,*,13,4493.886,3817 € - 5260 €,2014
Useldange,Redange,3,*,*,5,*,*,2014
Vallée de l'Ernz,Diekirch,11,3401.706,2456 € - 4492 €,5,*,*,2014
Vianden,Vianden,4,*,*,0,*,*,2014
Vichten,Redange,2,*,*,0,*,*,2014
Wahl,Redange,0,*,*,0,*,*,2014
Waldbillig,Echternach,4,*,*,1,*,*,2014
Waldbredimus,Remich,2,*,*,0,*,*,2014
Walferdange,Luxembourg,44,4725.791,3323 € - 5762 €,1,*,*,2014
Weiler-la-Tour,Luxembourg,7,*,*,0,*,*,2014
Weiswampach,Clervaux,8,*,*,43,3594.236,3259 € - 3854 €,2014
Wiltz,Wiltz,28,3031.256,2197 € - 4707 €,1,*,*,2014
Wincrange,Clervaux,5,*,*,0,*,*,2014
Winseler,Wiltz,20,3263.385,2795 € - 4185 €,18,3563.287,2750 € - 4461 €,2014
Wormeldange,Grevenmacher,5,*,*,0,*,*,2014
Beaufort,Echternach,3,*,*,0,*,*,2015
Bech,Echternach,1,*,*,0,*,*,2015
Beckerich,Redange,9,*,*,3,*,*,2015
Berdorf,Echternach,8,*,*,0,*,*,2015
Bertrange,Luxembourg,26,5773.148,4116 € - 8090 €,24,7092.145,6252 € - 8613 €,2015
Bettembourg,Esch,53,4075.371,3112 € - 5189 €,25,5474.441,3751 € - 6717 €,2015
Bettendorf,Diekirch,11,3443.911,2095 € - 5678 €,11,4236.179,3031 € - 5263 €,2015
Betzdorf,Grevenmacher,7,*,*,24,5608.615,5069 € - 6519 €,2015
Bissen,Mersch,17,3789.934,3174 € - 4717 €,6,*,*,2015
Biwer,Grevenmacher,1,*,*,0,*,*,2015
Boevange-sur-Attert,Mersch,2,*,*,3,*,*,2015
Boulaide,Wiltz,3,*,*,0,*,*,2015
Bourscheid,Diekirch,0,*,*,0,*,*,2015
Bous,Remich,11,4303.006,3104 € - 5582 €,1,*,*,2015
Clervaux,Clervaux,15,3200.625,2139 € - 4416 €,13,3518.083,2577 € - 4046 €,2015
Colmar-Berg,Mersch,19,4128.748,2949 € - 5365 €,0,*,*,2015
Consdorf,Echternach,3,*,*,0,*,*,2015
Contern,Luxembourg,17,4584.945,2897 € - 6503 €,14,6339.379,5608 € - 7752 €,2015
Dalheim,Remich,7,*,*,4,*,*,2015
Diekirch,Diekirch,36,4166.409,3152 € - 5666 €,24,4826.626,4143 € - 5698 €,2015
Differdange,Esch,210,3858.024,2537 € - 4985 €,90,4174.143,3081 € - 5065 €,2015
Dippach,Capellen,16,4558.71,2811 € - 5795 €,1,*,*,2015
Dudelange,Esch,130,3980.325,2792 € - 5151 €,66,5259.101,3871 € - 5945 €,2015
Echternach,Echternach,18,3977.222,2833 € - 5147 €,11,5154.434,4972 € - 5702 €,2015
Ell,Redange,3,*,*,0,*,*,2015
Erpeldange,Diekirch,6,*,*,0,*,*,2015
Esch-sur-Alzette,Esch,264,3867.731,2754 € - 5112 €,76,5613.273,3951 € - 7070 €,2015
Esch-sur-Sûre,Wiltz,5,*,*,0,*,*,2015
Ettelbruck,Diekirch,66,3674.434,2634 € - 5073 €,14,5100.105,3846 € - 5775 €,2015
Feulen,Diekirch,0,*,*,13,4126.546,2973 € - 4732 €,2015
Fischbach,Mersch,5,*,*,0,*,*,2015
Flaxweiler,Grevenmacher,1,*,*,0,*,*,2015
Frisange,Esch,31,4622.278,3284 € - 5696 €,15,5048.612,4294 € - 5954 €,2015
Garnich,Capellen,0,*,*,0,*,*,2015
Goesdorf,Wiltz,2,*,*,0,*,*,2015
Grevenmacher,Grevenmacher,33,3948.47,2783 € - 5281 €,0,*,*,2015
Grosbous,Redange,3,*,*,5,*,*,2015
Heffingen,Mersch,2,*,*,1,*,*,2015
Hesperange,Luxembourg,100,5312.129,3530 € - 6730 €,16,6158.815,5031 € - 7822 €,2015
Hobscheid,Capellen,15,4180.134,3069 € - 5452 €,5,*,*,2015
Junglinster,Grevenmacher,15,4909.447,3930 € - 5981 €,3,*,*,2015
Kaerjeng,Capellen,51,4044.644,3219 € - 5126 €,6,*,*,2015
Kayl,Esch,65,3993.751,3063 € - 4990 €,22,4424.113,3389 € - 5196 €,2015
Kehlen,Capellen,6,*,*,37,5484.042,4180 € - 6467 €,2015
Kiischpelt,Wilz,2,*,*,0,*,*,2015
Koerich,Capellen,4,*,*,0,*,*,2015
Kopstal,Capellen,11,4718.055,3498 € - 6072 €,7,*,*,2015
Lac de la Haute-Sûre,Wiltz,2,*,*,0,*,*,2015
Larochette,Mersch,11,3667.465,2947 € - 4356 €,7,*,*,2015
Lenningen,Remich,5,*,*,0,*,*,2015
Leudelange,Esch,29,5411.193,4133 € - 6586 €,0,*,*,2015
Lintgen,Mersch,20,4531.518,2833 € - 5742 €,20,4947.765,4027 € - 5705 €,2015
Lorentzweiler,Mersch,15,4898.024,3716 € - 6154 €,14,5567.105,4009 € - 6963 €,2015
Luxembourg-Ville,Luxembourg,479,6001.037,4111 € - 8074 €,469,6834.179,5507 € - 8575 €,2015
Mamer,Capellen,33,4785.392,2907 € - 6103 €,83,6002.441,4965 € - 6767 €,2015
Manternach,Grevenmacher,0,*,*,2,*,*,2015
Mersch,Mersch,52,4154.1,2591 € - 5357 €,28,5240.166,3403 € - 5981 €,2015
Mertert,Grevenmacher,26,4025.339,2462 € - 5497 €,1,*,*,2015
Mertzig,Diekirch,6,*,*,14,5641.492,5271 € - 6313 €,2015
Mompach,Echternach,0,*,*,0,*,*,2015
Mondercange,Esch,37,4052.566,3276 € - 5065 €,6,*,*,2015
Mondorf-les-Bains,Remich,43,4605.52,3826 € - 5744 €,56,5450.366,4858 € - 6137 €,2015
Niederanven,Luxembourg,5,*,*,1,*,*,2015
Nommern,Mersch,3,*,*,0,*,*,2015
Parc Hosingen,Clervaux,10,3356.242,2883 € - 3890 €,4,*,*,2015
Petange,Esch,116,3801.344,2446 € - 5014 €,81,4295.478,3339 € - 5294 €,2015
Preizerdaul,Redange,5,*,*,3,*,*,2015
Putscheid,Vianden,0,*,*,0,*,*,2015
Rambrouch,Redange,2,*,*,1,*,*,2015
Reckange-sur-Mess,Esch,10,4448.39,3978 € - 5086 €,0,*,*,2015
Redange,Redange,13,3493.708,2096 € - 4239 €,2,*,*,2015
Reisdorf,Diekirch,1,*,*,0,*,*,2015
Remich,Remich,31,4108.598,2446 € - 5531 €,2,*,*,2015
Roeser,Esch,51,4794.289,3902 € - 5579 €,10,5471.505,5102 € - 5892 €,2015
Rosport,Echternach,6,*,*,0,*,*,2015
Rumelange,Esch,27,3762.553,2668 € - 4574 €,12,4495.517,3797 € - 6230 €,2015
Saeul,Redange,6,*,*,0,*,*,2015
Sandweiler,Luxembourg,11,5122.117,4286 € - 5985 €,0,*,*,2015
Sanem,Esch,97,3815.747,2763 € - 4871 €,69,4809.549,4095 € - 6369 €,2015
Schengen,Remich,18,3947.562,2648 € - 5277 €,0,*,*,2015
Schieren,Diekirch,6,*,*,0,*,*,2015
Schifflange,Esch,56,3907.643,1999 € - 5162 €,177,4872.272,4179 € - 5792 €,2015
Schuttrange,Luxembourg,15,4507.039,3210 € - 6535 €,3,*,*,2015
Septfontaines,Capellen,0,*,*,0,*,*,2015
Stadtbredimus,Remich,8,*,*,0,*,*,2015
Steinfort,Capellen,15,4087.643,3158 € - 5765 €,4,*,*,2015
Steinsel,Luxembourg,19,4834.069,2453 € - 6744 €,8,*,*,2015
Strassen,Luxembourg,57,5633.108,3606 € - 7228 €,55,7198.045,5902 € - 8854 €,2015
Tandel,Vianden,5,*,*,1,*,*,2015
Troisvierges,Clervaux,8,*,*,6,*,*,2015
Tuntange,Mersch,2,*,*,15,4485.012,3366 € - 5057 €,2015
Useldange,Redange,4,*,*,0,*,*,2015
Vallée de l'Ernz,Diekirch,10,3894.133,3550 € - 4711 €,1,*,*,2015
Vianden,Vianden,8,*,*,1,*,*,2015
Vichten,Redange,4,*,*,0,*,*,2015
Wahl,Redange,0,*,*,0,*,*,2015
Waldbillig,Echternach,1,*,*,0,*,*,2015
Waldbredimus,Remich,2,*,*,0,*,*,2015
Walferdange,Luxembourg,47,4980.404,3671 € - 6521 €,15,6329.018,5838 € - 6716 €,2015
Weiler-la-Tour,Luxembourg,11,4705.177,3969 € - 5333 €,0,*,*,2015
Weiswampach,Clervaux,5,*,*,5,*,*,2015
Wiltz,Wiltz,19,2892.064,1852 € - 3734 €,11,3994.072,3851 € - 4208 €,2015
Wincrange,Clervaux,3,*,*,1,*,*,2015
Winseler,Wiltz,6,*,*,8,*,*,2015
Wormeldange,Grevenmacher,8,*,*,4,*,*,2015
Beaufort,Echternach,4,*,*,0,*,*,2016
Bech,Echternach,3,*,*,0,*,*,2016
Beckerich,Redange,10,3369.673,2583 € - 4342 €,9,*,*,2016
Berdorf,Echternach,2,*,*,2,*,*,2016
Bertrange,Luxembourg,33,6310.217,4286 € - 8646 €,13,7137.38,5608 € - 8391 €,2016
Bettembourg,Esch,44,4622.269,3565 € - 6151 €,41,5277.509,4821 € - 6274 €,2016
Bettendorf,Diekirch,5,*,*,5,*,*,2016
Betzdorf,Grevenmacher,12,4357.622,2465 € - 5431 €,2,*,*,2016
Bissen,Mersch,13,4174.365,3261 € - 5973 €,12,4350.652,3365 € - 4897 €,2016
Biwer,Grevenmacher,3,*,*,0,*,*,2016
Boevange-sur-Attert,Mersch,3,*,*,8,*,*,2016
Boulaide,Wiltz,2,*,*,0,*,*,2016
Bourscheid,Diekirch,1,*,*,0,*,*,2016
Bous,Remich,8,*,*,1,*,*,2016
Clervaux,Clervaux,20,3615.938,2405 € - 4881 €,18,3782.996,3357 € - 4365 €,2016
Colmar-Berg,Mersch,29,4131.442,3360 € - 5072 €,0,*,*,2016
Consdorf,Echternach,6,*,*,0,*,*,2016
Contern,Luxembourg,21,5083.801,3765 € - 6200 €,5,*,*,2016
Dalheim,Remich,3,*,*,2,*,*,2016
Diekirch,Diekirch,38,4015.693,2247 € - 5874 €,47,5306.704,4013 € - 6193 €,2016
Differdange,Esch,229,3999.447,2853 € - 5408 €,115,4511.167,3550 € - 5427 €,2016
Dippach,Capellen,10,4393.569,2363 € - 6360 €,19,5103.933,4605 € - 6291 €,2016
Dudelange,Esch,149,4312.473,3114 € - 5355 €,28,5250.11,4399 € - 6085 €,2016
Echternach,Echternach,24,4190.584,2451 € - 5585 €,10,5027.275,4298 € - 5620 €,2016
Ell,Redange,5,*,*,7,*,*,2016
Erpeldange,Diekirch,9,*,*,1,*,*,2016
Esch-sur-Alzette,Esch,294,4069.297,2735 € - 5321 €,42,5668.348,4540 € - 6938 €,2016
Esch-sur-Sûre,Wiltz,1,*,*,13,3874.158,3450 € - 4068 €,2016
Eschweiler,Wiltz,0,,,0,*,*,2016
Ettelbruck,Diekirch,55,3897.768,2733 € - 5548 €,37,5421.796,4773 € - 6137 €,2016
Feulen,Diekirch,3,*,*,7,*,*,2016
Fischbach,Mersch,2,*,*,2,*,*,2016
Flaxweiler,Grevenmacher,2,*,*,0,*,*,2016
Frisange,Esch,39,4582.405,3057 € - 6000 €,7,*,*,2016
Garnich,Capellen,3,*,*,0,*,*,2016
Goesdorf,Wiltz,8,*,*,0,*,*,2016
Grevenmacher,Grevenmacher,39,3980.68,2875 € - 5214 €,0,*,*,2016
Grosbous,Redange,3,*,*,1,*,*,2016
Heffingen,Mersch,8,*,*,2,*,*,2016
Hesperange,Luxembourg,122,5590.56,3860 € - 7226 €,14,7180.511,6405 € - 8942 €,2016
Hobscheid,Capellen,18,4055.172,2733 € - 5748 €,13,4844.272,4391 € - 5568 €,2016
Junglinster,Grevenmacher,21,5079.757,4306 € - 5746 €,16,5773.864,5143 € - 6874 €,2016
Kaerjeng,Capellen,60,4240.096,2807 € - 5685 €,0,*,*,2016
Kayl,Esch,72,4527.896,3152 € - 5941 €,86,4892.944,3859 € - 5913 €,2016
Kehlen,Capellen,16,4713.481,3644 € - 6320 €,21,5441.239,4930 € - 6125 €,2016
Kiischpelt,Wilz,1,*,*,0,*,*,2016
Koerich,Capellen,0,*,*,0,*,*,2016
Kopstal,Capellen,15,6052.651,3156 € - 8062 €,3,*,*,2016
Lac de la Haute-Sûre,Wiltz,3,*,*,0,*,*,2016
Larochette,Mersch,9,*,*,0,*,*,2016
Lenningen,Remich,7,*,*,0,*,*,2016
Leudelange,Esch,14,5440.173,4194 € - 6719 €,0,*,*,2016
Lintgen,Mersch,18,4726.954,3399 € - 6275 €,20,5281.483,4891 € - 6088 €,2016
Lorentzweiler,Mersch,1,*,*,12,5632.58,4427 € - 7345 €,2016
Luxembourg-Ville,Luxembourg,560,6637.884,4389 € - 9545 €,641,7586.524,5965 € - 9666 €,2016
Mamer,Capellen,39,5196.484,3068 € - 6407 €,24,5949.236,5101 € - 7011 €,2016
Manternach,Grevenmacher,2,*,*,2,*,*,2016
Mersch,Mersch,47,4628.338,3219 € - 5898 €,23,4984.231,3586 € - 6043 €,2016
Mertert,Grevenmacher,28,4101.125,2743 € - 5158 €,6,*,*,2016
Mertzig,Diekirch,2,*,*,7,*,*,2016
Mompach,Echternach,0,*,*,0,*,*,2016
Mondercange,Esch,32,4530.98,3636 € - 5978 €,5,*,*,2016
Mondorf-les-Bains,Remich,57,4476.257,3036 € - 6163 €,39,5719.169,5299 € - 6521 €,2016
Niederanven,Luxembourg,3,*,*,0,*,*,2016
Nommern,Mersch,3,*,*,4,*,*,2016
Parc Hosingen,Clervaux,4,*,*,2,*,*,2016
Petange,Esch,153,3829.76,2607 € - 4897 €,90,4382.021,3527 € - 5488 €,2016
Preizerdaul,Redange,1,*,*,0,*,*,2016
Putscheid,Vianden,0,*,*,0,*,*,2016
Rambrouch,Redange,2,*,*,0,*,*,2016
Reckange-sur-Mess,Esch,14,4455.427,2593 € - 5267 €,0,*,*,2016
Redange,Redange,0,*,*,0,*,*,2016
Reisdorf,Diekirch,3,*,*,0,*,*,2016
Remich,Remich,30,4318.936,2703 € - 5830 €,0,*,*,2016
Roeser,Esch,60,4893.151,3539 € - 6015 €,7,*,*,2016
Rosport,Echternach,2,*,*,0,*,*,2016
Rumelange,Esch,39,4013.321,2854 € - 4971 €,3,*,*,2016
Saeul,Redange,5,*,*,0,*,*,2016
Sandweiler,Luxembourg,14,5571.595,3842 € - 7223 €,0,*,*,2016
Sanem,Esch,95,4119.665,2805 € - 5348 €,65,5155.427,4621 € - 5713 €,2016
Schengen,Remich,23,3983.527,2873 € - 5217 €,1,*,*,2016
Schieren,Diekirch,6,*,*,4,*,*,2016
Schifflange,Esch,77,4313.224,2751 € - 5967 €,104,5136.079,4082 € - 5954 €,2016
Schuttrange,Luxembourg,11,4875.571,2435 € - 6078 €,4,*,*,2016
Septfontaines,Capellen,0,*,*,0,*,*,2016
Stadtbredimus,Remich,11,4290.899,3456 € - 5359 €,0,*,*,2016
Steinfort,Capellen,14,4342.794,2877 € - 5994 €,9,*,*,2016
Steinsel,Luxembourg,15,5279.141,3381 € - 7342 €,6,*,*,2016
Strassen,Luxembourg,56,6417.054,4462 € - 7961 €,75,7690.357,6698 € - 8804 €,2016
Tandel,Vianden,6,*,*,0,*,*,2016
Troisvierges,Clervaux,3,*,*,0,*,*,2016
Tuntange,Mersch,4,*,*,1,*,*,2016
Useldange,Redange,4,*,*,0,*,*,2016
Vallée de l'Ernz,Diekirch,11,3523.471,2128 € - 4884 €,0,*,*,2016
Vianden,Vianden,5,*,*,0,*,*,2016
Vichten,Redange,2,*,*,0,*,*,2016
Wahl,Redange,1,*,*,0,*,*,2016
Waldbillig,Echternach,3,*,*,3,*,*,2016
Waldbredimus,Remich,1,*,*,0,*,*,2016
Walferdange,Luxembourg,44,5248.831,4123 € - 6858 €,5,*,*,2016
Weiler-la-Tour,Luxembourg,6,*,*,0,*,*,2016
Weiswampach,Clervaux,8,*,*,20,4037.083,3532 € - 4646 €,2016
Wiltz,Wiltz,19,3144.391,1854 € - 4477 €,19,4171.099,3778 € - 4718 €,2016
Wincrange,Clervaux,3,*,*,0,*,*,2016
Winseler,Wiltz,9,*,*,0,*,*,2016
Wormeldange,Grevenmacher,12,3733.189,2602 € - 5094 €,2,*,*,2016
Beaufort,Echternach,4,*,*,6,*,*,2017
Bech,Echternach,0,*,*,0,*,*,2017
Beckerich,Redange,6,*,*,12,4241.446,2695 € - 5582 €,2017
Berdorf,Echternach,8,*,*,9,*,*,2017
Bertrange,Luxembourg,35,6500.847,4031 € - 9600 €,114,7756.172,6405 € - 9317 €,2017
Bettembourg,Esch,57,5047.437,3813 € - 6587 €,19,5557.087,4005 € - 6590 €,2017
Bettendorf,Diekirch,4,*,*,1,*,*,2017
Betzdorf,Grevenmacher,7,*,*,0,*,*,2017
Bissen,Mersch,17,4338.599,2962 € - 5675 €,3,*,*,2017
Biwer,Grevenmacher,2,*,*,4,*,*,2017
Boevange-sur-Attert,Mersch,6,*,*,17,4651.555,3304 € - 5946 €,2017
Boulaide,Wiltz,3,*,*,0,*,*,2017
Bourscheid,Diekirch,6,*,*,0,*,*,2017
Bous,Remich,9,*,*,3,*,*,2017
Clervaux,Clervaux,18,3567.86,2784 € - 4610 €,11,3804.116,2963 € - 4800 €,2017
Colmar-Berg,Mersch,16,4526.117,3330 € - 5641 €,0,*,*,2017
Consdorf,Echternach,5,*,*,10,4759.209,4193 € - 5280 €,2017
Contern,Luxembourg,16,5659.474,4726 € - 7561 €,0,*,*,2017
Dalheim,Remich,7,*,*,0,*,*,2017
Diekirch,Diekirch,45,4614.083,3234 € - 6086 €,36,5865.133,5320 € - 6418 €,2017
Differdange,Esch,242,4265.998,2993 € - 5512 €,100,4867.549,4224 € - 5602 €,2017
Dippach,Capellen,18,4897.931,3621 € - 6513 €,20,5657.15,4829 € - 6589 €,2017
Dudelange,Esch,151,4333.493,3018 € - 5669 €,56,5291.549,4570 € - 6341 €,2017
Echternach,Echternach,40,4079.682,2463 € - 4991 €,6,*,*,2017
Ell,Redange,6,*,*,14,4726.94,3036 € - 5548 €,2017
Erpeldange,Diekirch,12,4207.625,2642 € - 5420 €,2,*,*,2017
Esch-sur-Alzette,Esch,321,4298.295,2710 € - 5985 €,43,5345.714,4243 € - 6579 €,2017
Esch-sur-Sûre,Wiltz,11,3324.541,2541 € - 3933 €,16,4170.041,3174 € - 5439 €,2017
Ettelbruck,Diekirch,69,4294.743,3226 € - 5644 €,42,5412.908,4451 € - 6135 €,2017
Feulen,Diekirch,8,*,*,1,*,*,2017
Fischbach,Mersch,4,*,*,0,*,*,2017
Flaxweiler,Grevenmacher,1,*,*,0,*,*,2017
Frisange,Esch,43,5138.245,3630 € - 6681 €,11,5767.671,4451 € - 6585 €,2017
Garnich,Capellen,0,*,*,0,*,*,2017
Goesdorf,Wiltz,5,*,*,2,*,*,2017
Grevenmacher,Grevenmacher,31,4508.611,3501 € - 5815 €,0,*,*,2017
Grosbous,Redange,6,*,*,0,*,*,2017
Heffingen,Mersch,4,*,*,7,*,*,2017
Hesperange,Luxembourg,135,5792.701,4123 € - 7139 €,24,7019.36,6039 € - 8218 €,2017
Hobscheid,Capellen,19,4276.944,2195 € - 4910 €,14,4440.786,3743 € - 5363 €,2017
Junglinster,Grevenmacher,21,5269.818,3983 € - 6527 €,8,*,*,2017
Kaerjeng,Capellen,60,4322.124,2858 € - 5474 €,2,*,*,2017
Kayl,Esch,90,4608.412,2740 € - 5933 €,64,5270.965,4570 € - 6273 €,2017
Kehlen,Capellen,20,4414.18,2754 € - 5673 €,28,5827.322,4906 € - 6570 €,2017
Kiischpelt,Wilz,1,*,*,0,*,*,2017
Koerich,Capellen,0,*,*,0,*,*,2017
Kopstal,Capellen,7,*,*,2,*,*,2017
Lac de la Haute-Sûre,Wiltz,2,*,*,0,*,*,2017
Larochette,Mersch,15,3807.627,2362 € - 4593 €,0,*,*,2017
Lenningen,Remich,8,*,*,0,*,*,2017
Leudelange,Esch,16,6097.307,4569 € - 7585 €,2,*,*,2017
Lintgen,Mersch,17,4900.887,3406 € - 6202 €,39,5620.81,4719 € - 6456 €,2017
Lorentzweiler,Mersch,23,5042.964,2464 € - 6332 €,23,5881.979,5039 € - 7070 €,2017
Luxembourg-Ville,Luxembourg,660,7074.265,4636 € - 9635 €,605,8121.719,6197 € - 10761 €,2017
Mamer,Capellen,40,5715.779,3921 € - 6793 €,43,6491.274,5707 € - 7688 €,2017
Manternach,Grevenmacher,2,*,*,0,*,*,2017
Mersch,Mersch,68,4809.692,3495 € - 6234 €,24,5841.251,4412 € - 6828 €,2017
Mertert,Grevenmacher,28,4300.843,2989 € - 5498 €,6,*,*,2017
Mertzig,Diekirch,3,*,*,2,*,*,2017
Mompach,Echternach,0,*,*,0,*,*,2017
Mondercange,Esch,37,4624.191,3482 € - 5722 €,30,5917.593,5338 € - 6934 €,2017
Mondorf-les-Bains,Remich,58,4778.425,3435 € - 5997 €,15,5848.665,5119 € - 6463 €,2017
Niederanven,Luxembourg,10,6341.091,4678 € - 9292 €,1,*,*,2017
Nommern,Mersch,6,*,*,1,*,*,2017
Parc Hosingen,Clervaux,11,3312.529,2524 € - 4069 €,2,*,*,2017
Petange,Esch,161,4140.083,2826 € - 5417 €,129,4585.255,3704 € - 5798 €,2017
Preizerdaul,Redange,2,*,*,2,*,*,2017
Putscheid,Vianden,6,*,*,0,*,*,2017
Rambrouch,Redange,3,*,*,5,*,*,2017
Reckange-sur-Mess,Esch,17,4442.598,2459 € - 5420 €,1,*,*,2017
Redange,Redange,8,*,*,10,4377.6,3661 € - 6124 €,2017
Reisdorf,Diekirch,5,*,*,0,*,*,2017
Remich,Remich,36,4410.228,2815 € - 6417 €,1,*,*,2017
Roeser,Esch,58,5459.41,4336 € - 7096 €,3,*,*,2017
Rosport,Echternach,4,*,*,0,*,*,2017
Rumelange,Esch,41,4002.229,2255 € - 5464 €,0,*,*,2017
Saeul,Redange,5,*,*,0,*,*,2017
Sandweiler,Luxembourg,28,5920.732,4336 € - 7298 €,13,6578.296,5475 € - 7847 €,2017
Sanem,Esch,103,4651.014,3303 € - 6124 €,105,5749.672,5212 € - 6481 €,2017
Schengen,Remich,24,4597.21,3437 € - 5646 €,3,*,*,2017
Schieren,Diekirch,11,4788.753,3704 € - 5303 €,0,*,*,2017
Schifflange,Esch,82,4693.706,3081 € - 6342 €,30,5453.964,4678 € - 6797 €,2017
Schuttrange,Luxembourg,8,*,*,2,*,*,2017
Septfontaines,Capellen,24,4365.74,3408 € - 5650 €,0,*,*,2017
Stadtbredimus,Remich,10,4515.269,3414 € - 6374 €,0,*,*,2017
Steinfort,Capellen,24,4678.769,3993 € - 5860 €,60,5691.04,5028 € - 6456 €,2017
Steinsel,Luxembourg,16,5745.579,4598 € - 7696 €,9,*,*,2017
Strassen,Luxembourg,79,6820.979,5056 € - 8686 €,34,8234.295,6654 € - 10038 €,2017
Tandel,Vianden,2,*,*,0,*,*,2017
Troisvierges,Clervaux,2,*,*,0,*,*,2017
Tuntange,Mersch,11,4681.857,4065 € - 5249 €,3,*,*,2017
Useldange,Redange,9,*,*,0,*,*,2017
Vallée de l'Ernz,Diekirch,6,*,*,0,*,*,2017
Vianden,Vianden,4,*,*,27,4087.224,3263 € - 4808 €,2017
Vichten,Redange,2,*,*,0,*,*,2017
Wahl,Redange,0,*,*,0,*,*,2017
Waldbillig,Echternach,2,*,*,3,*,*,2017
Waldbredimus,Remich,0,*,*,0,*,*,2017
Walferdange,Luxembourg,47,5707.024,4394 € - 7256 €,7,*,*,2017
Weiler-la-Tour,Luxembourg,6,*,*,3,*,*,2017
Weiswampach,Clervaux,17,3593.456,2340 € - 6232 €,8,*,*,2017
Wiltz,Wiltz,31,3386.271,2040 € - 6075 €,8,*,*,2017
Wincrange,Clervaux,10,3311.776,2512 € - 4442 €,0,*,*,2017
Winseler,Wiltz,5,*,*,0,*,*,2017
Wormeldange,Grevenmacher,9,*,*,0,*,*,2017
Beaufort,Echternach,7,*,*,3,*,*,2018
Bech,Echternach,2,*,*,0,*,*,2018
Beckerich,Redange,12,4425.813,3307 € - 6015 €,11,4814.598,3562 € - 6692 €,2018
Berdorf,Echternach,2,*,*,42,5753.235,3838 € - 6892 €,2018
Bertrange,Luxembourg,44,7478.94,5436 € - 10381 €,66,8674.669,7315 € - 10346 €,2018
Bettembourg,Esch,59,5154.922,3798 € - 6609 €,48,6043.739,4783 € - 7318 €,2018
Bettendorf,Diekirch,5,*,*,10,4814.694,4148 € - 5385 €,2018
Betzdorf,Grevenmacher,6,*,*,0,*,*,2018
Bissen,Mersch,12,4804.897,3086 € - 5822 €,4,*,*,2018
Biwer,Grevenmacher,1,*,*,2,*,*,2018
Boulaide,Wiltz,5,*,*,0,*,*,2018
Bourscheid,Diekirch,1,*,*,0,*,*,2018
Bous,Remich,5,*,*,0,*,*,2018
Clervaux,Clervaux,31,3703.225,3003 € - 4775 €,28,3875.116,3191 € - 4411 €,2018
Colmar-Berg,Mersch,27,4534.066,3716 € - 5470 €,0,*,*,2018
Consdorf,Echternach,0,*,*,4,*,*,2018
Contern,Luxembourg,14,5807.372,4974 € - 7429 €,12,6015.131,5687 € - 6490 €,2018
Dalheim,Remich,9,*,*,0,*,*,2018
Diekirch,Diekirch,33,4695.884,3373 € - 6209 €,46,5589.283,5010 € - 6410 €,2018
Differdange,Esch,292,4608.201,3106 € - 5911 €,118,5119.859,4178 € - 6193 €,2018
Dippach,Capellen,22,5130.902,4270 € - 5925 €,3,*,*,2018
Dudelange,Esch,155,4726.373,3070 € - 6617 €,46,5535.225,4743 € - 6381 €,2018
Echternach,Echternach,19,4605.043,3202 € - 6383 €,13,4898.403,4194 € - 5497 €,2018
Ell,Redange,8,*,*,27,4347.651,3353 € - 5241 €,2018
Erpeldange-sur-Sûre,Diekirch,7,*,*,1,*,*,2018
Esch-sur-Alzette,Esch,343,4639.077,3089 € - 6221 €,58,5969.123,4393 € - 7407 €,2018
Esch-sur-Sûre,Wiltz,8,*,*,28,4135.531,3236 € - 5574 €,2018
Ettelbruck,Diekirch,55,4618.387,2971 € - 6598 €,44,5411.378,5033 € - 6263 €,2018
Feulen,Diekirch,3,*,*,7,*,*,2018
Fischbach,Mersch,3,*,*,0,*,*,2018
Flaxweiler,Grevenmacher,0,*,*,0,*,*,2018
Frisange,Esch,36,5358.449,3650 € - 6923 €,9,*,*,2018
Garnich,Capellen,3,*,*,0,*,*,2018
Goesdorf,Wiltz,7,*,*,3,*,*,2018
Grevenmacher,Grevenmacher,37,4843.007,3856 € - 6049 €,6,*,*,2018
Grosbous,Redange,4,*,*,0,*,*,2018
Habscht,Capellen,38,4573.041,3303 € - 5835 €,38,5042.861,4280 € - 6292 €,2018
Heffingen,Mersch,2,*,*,1,*,*,2018
Helperknapp,Mersch,16,4484.244,2800 € - 5342 €,30,5340.09,4334 € - 5838 €,2018
Hesperange,Luxembourg,109,6474.283,4866 € - 8338 €,25,7654.678,6560 € - 8865 €,2018
Junglinster,Grevenmacher,33,5827.396,4821 € - 6994 €,22,6085.923,5461 € - 6517 €,2018
Käerjeng,Capellen,51,4793.77,3396 € - 6258 €,15,5725.623,4883 € - 6798 €,2018
Kayl,Esch,85,5018.03,3631 € - 6415 €,32,5612.844,4060 € - 7415 €,2018
Kehlen,Capellen,23,5437.076,3154 € - 6966 €,7,*,*,2018
Kiischpelt,Wilz,2,*,*,0,*,*,2018
Koerich,Capellen,4,*,*,0,*,*,2018
Kopstal,Capellen,9,*,*,9,*,*,2018
Lac de la Haute-Sûre,Wiltz,3,*,*,10,3952.654,3612 € - 4216 €,2018
Larochette,Mersch,10,4006.61,3041 € - 4835 €,13,4699.989,3348 € - 5666 €,2018
Lenningen,Remich,4,*,*,0,*,*,2018
Leudelange,Esch,30,6662.367,4972 € - 8114 €,0,*,*,2018
Lintgen,Mersch,16,4736.072,2378 € - 7699 €,34,5922.4,5216 € - 6881 €,2018
Lorentzweiler,Mersch,17,6025.886,3442 € - 7345 €,38,6381.013,4991 € - 7639 €,2018
Luxembourg-Ville,Luxembourg,667,8099.065,5465 € - 11173 €,309,8846.485,6853 € - 11321 €,2018
Mamer,Capellen,39,5704.181,3953 € - 7364 €,35,6876.866,6125 € - 7795 €,2018
Manternach,Grevenmacher,1,*,*,0,*,*,2018
Mersch,Mersch,51,5331.087,3399 € - 6862 €,36,6364.119,4965 € - 7574 €,2018
Mertert,Grevenmacher,22,4506.939,3117 € - 5650 €,15,5832.067,3289 € - 6789 €,2018
Mertzig,Diekirch,6,*,*,0,*,*,2018
Mondercange,Esch,37,4911.838,3617 € - 6225 €,24,6119.783,5215 € - 7172 €,2018
Mondorf-les-Bains,Remich,52,5504.732,4017 € - 7147 €,5,*,*,2018
Niederanven,Luxembourg,8,*,*,5,*,*,2018
Nommern,Mersch,0,*,*,0,*,*,2018
Parc Hosingen,Clervaux,10,3790.807,2684 € - 5270 €,3,*,*,2018
Petange,Esch,166,4606.169,3269 € - 5982 €,81,4941.946,4083 € - 6135 €,2018
Preizerdaul,Redange,2,*,*,1,*,*,2018
Putscheid,Vianden,1,*,*,0,*,*,2018
Rambrouch,Redange,10,3343.177,2264 € - 4509 €,1,*,*,2018
Reckange-sur-Mess,Esch,8,*,*,1,*,*,2018
Redange,Redange,11,4601.3,3337 € - 5968 €,9,*,*,2018
Reisdorf,Diekirch,2,*,*,0,*,*,2018
Remich,Remich,35,4521.653,2805 € - 6510 €,0,*,*,2018
Roeser,Esch,51,6020.082,4869 € - 7887 €,4,*,*,2018
Rosport-Mompach,Echternach,4,*,*,0,*,*,2018
Rumelange,Esch,22,4238.411,2750 € - 5285 €,0,*,*,2018
Saeul,Redange,6,*,*,0,*,*,2018
Sandweiler,Luxembourg,17,6233.378,4047 € - 8172 €,0,*,*,2018
Sanem,Esch,113,4787.675,3425 € - 6100 €,46,5627.642,4825 € - 6816 €,2018
Schengen,Remich,29,4453.324,3087 € - 5446 €,14,5370.639,3937 € - 6544 €,2018
Schieren,Diekirch,3,*,*,40,5821.961,5201 € - 6877 €,2018
Schifflange,Esch,86,5380.191,4016 € - 6846 €,31,5477.657,4588 € - 6662 €,2018
Schuttrange,Luxembourg,13,5800.971,4269 € - 7454 €,1,*,*,2018
Stadtbredimus,Remich,14,4877.59,3399 € - 6510 €,0,*,*,2018
Steinfort,Capellen,25,4880.639,3459 € - 6064 €,25,6080.544,5036 € - 7346 €,2018
Steinsel,Luxembourg,22,5939.89,4676 € - 7643 €,20,6602.266,5042 € - 8586 €,2018
Strassen,Luxembourg,54,7367.333,5107 € - 9749 €,92,8729.939,7474 € - 9705 €,2018
Tandel,Vianden,9,*,*,0,*,*,2018
Troisvierges,Clervaux,6,*,*,5,*,*,2018
Useldange,Redange,3,*,*,3,*,*,2018
Vallée de l'Ernz,Diekirch,10,4146.455,2638 € - 5068 €,0,*,*,2018
Vianden,Vianden,5,*,*,1,*,*,2018
Vichten,Redange,7,*,*,3,*,*,2018
Wahl,Redange,0,*,*,0,*,*,2018
Waldbillig,Echternach,4,*,*,1,*,*,2018
Waldbredimus,Remich,3,*,*,4,*,*,2018
Walferdange,Luxembourg,47,6362.115,4141 € - 8325 €,17,6613.008,5610 € - 8296 €,2018
Weiler-la-Tour,Luxembourg,4,*,*,1,*,*,2018
Weiswampach,Clervaux,21,4265.552,2639 € - 5608 €,35,4094.959,3454 € - 4604 €,2018
Wiltz,Wiltz,52,3503.493,2578 € - 5384 €,43,4209.685,3700 € - 5002 €,2018
Wincrange,Clervaux,8,*,*,0,*,*,2018
Winseler,Wiltz,7,*,*,0,*,*,2018
Wormeldange,Grevenmacher,11,4120.396,3136 € - 4943 €,0,*,*,2018
Beaufort,Echternach,4,*,*,5,*,*,2019
Bech,Echternach,0,*,*,6,*,*,2019
Beckerich,Redange,7,*,*,3,*,*,2019
Berdorf,Echternach,7,*,*,19,5998.852,4252 € - 7153 €,2019
Bertrange,Luxembourg,30,8534.381,6059 € - 12519 €,30,10372.7,8239 € - 12373 €,2019
Bettembourg,Esch,40,5993.624,4536 € - 7667 €,22,6532.668,5254 € - 7673 €,2019
Bettendorf,Diekirch,9,*,*,13,5273.409,4629 € - 5797 €,2019
Betzdorf,Grevenmacher,7,*,*,0,*,*,2019
Bissen,Mersch,15,5131.815,2229 € - 7762 €,15,6564.49,4087 € - 7959 €,2019
Biwer,Grevenmacher,2,*,*,0,*,*,2019
Boulaide,Wiltz,3,*,*,8,*,*,2019
Bourscheid,Diekirch,8,*,*,0,*,*,2019
Bous,Remich,9,*,*,0,*,*,2019
Clervaux,Clervaux,29,3750.946,2414 € - 4909 €,29,4266.756,3614 € - 5020 €,2019
Colmar-Berg,Mersch,23,5080.127,4077 € - 6298 €,17,5645.067,4967 € - 6553 €,2019
Consdorf,Echternach,4,*,*,0,*,*,2019
Contern,Luxembourg,8,*,*,58,6682.436,4564 € - 8332 €,2019
Dalheim,Remich,4,*,*,3,*,*,2019
Diekirch,Diekirch,34,5077.94,2792 € - 6969 €,29,6651.808,5750 € - 8122 €,2019
Differdange,Esch,302,4955.395,3383 € - 6385 €,187,5765.934,4898 € - 6762 €,2019
Dippach,Capellen,19,5692.636,3975 € - 7653 €,9,*,*,2019
Dudelange,Esch,134,5301.83,3799 € - 6966 €,41,6264.2,5106 € - 7116 €,2019
Echternach,Echternach,31,4709.595,3430 € - 5714 €,6,*,*,2019
Ell,Redange,5,*,*,9,*,*,2019
Erpeldange-sur-Sûre,Diekirch,9,*,*,0,*,*,2019
Esch-sur-Alzette,Esch,273,5111.066,3204 € - 7072 €,74,6880.667,4918 € - 8653 €,2019
Esch-sur-Sûre,Wiltz,5,*,*,6,*,*,2019
Ettelbruck,Diekirch,51,5126.396,3547 € - 6318 €,102,6005.122,5245 € - 7209 €,2019
Feulen,Diekirch,1,*,*,4,*,*,2019
Fischbach,Mersch,3,*,*,0,*,*,2019
Flaxweiler,Grevenmacher,1,*,*,0,*,*,2019
Frisange,Esch,29,5606.809,4090 € - 7764 €,3,*,*,2019
Garnich,Capellen,0,*,*,0,*,*,2019
Goesdorf,Wiltz,4,*,*,4,*,*,2019
Grevenmacher,Grevenmacher,34,5112.565,2996 € - 6737 €,1,*,*,2019
Grosbous,Redange,6,*,*,0,*,*,2019
Habscht,Capellen,22,4566.196,2805 € - 6130 €,35,5397.44,4243 € - 6647 €,2019
Heffingen,Mersch,9,*,*,0,*,*,2019
Helperknapp,Mersch,8,*,*,39,5631.614,4502 € - 7512 €,2019
Hesperange,Luxembourg,100,7529.675,5597 € - 10075 €,83,9288.41,7127 € - 11718 €,2019
Junglinster,Grevenmacher,18,5919.748,3876 € - 7894 €,16,6846.482,4540 € - 8793 €,2019
Käerjeng,Capellen,40,5202.5,3645 € - 6514 €,15,6130.067,4705 € - 7330 €,2019
Kayl,Esch,85,5669.298,3964 € - 7328 €,21,5453.717,3945 € - 7082 €,2019
Kehlen,Capellen,11,6502.957,4847 € - 7362 €,27,6730.598,5179 € - 7769 €,2019
Kiischpelt,Wilz,1,*,*,0,*,*,2019
Koerich,Capellen,4,*,*,0,*,*,2019
Kopstal,Capellen,9,*,*,10,7495.499,5766 € - 10436 €,2019
Lac de la Haute-Sûre,Wiltz,6,*,*,12,4159.368,3481 € - 5003 €,2019
Larochette,Mersch,9,*,*,4,*,*,2019
Lenningen,Remich,3,*,*,0,*,*,2019
Leudelange,Esch,10,7444.546,5398 € - 10581 €,0,*,*,2019
Lintgen,Mersch,20,5385.33,3541 € - 6756 €,25,6496.094,5197 € - 7702 €,2019
Lorentzweiler,Mersch,15,6573.653,4871 € - 8154 €,23,7299.852,5488 € - 8520 €,2019
Luxembourg-Ville,Luxembourg,544,9028.888,6111 € - 12528 €,488,9565.421,7296 € - 13071 €,2019
Mamer,Capellen,29,6360.426,3697 € - 7801 €,59,7250.893,6367 € - 8543 €,2019
Manternach,Grevenmacher,0,*,*,2,*,*,2019
Mersch,Mersch,42,5391.43,3648 € - 7648 €,22,6693.732,5683 € - 8112 €,2019
Mertert,Grevenmacher,24,5054.051,4476 € - 5847 €,16,6112.991,5608 € - 8263 €,2019
Mertzig,Diekirch,4,*,*,2,*,*,2019
Mondercange,Esch,38,5627.777,3828 € - 7429 €,20,6802.265,5953 € - 7879 €,2019
Mondorf-les-Bains,Remich,46,5799.292,4301 € - 7270 €,15,6863.08,5992 € - 7730 €,2019
Niederanven,Luxembourg,4,*,*,10,7984.797,6846 € - 11222 €,2019
Nommern,Mersch,1,*,*,0,*,*,2019
Parc Hosingen,Clervaux,17,3734.793,2252 € - 5487 €,2,*,*,2019
Petange,Esch,158,4968.367,3424 € - 6523 €,97,5556.013,4232 € - 6854 €,2019
Preizerdaul,Redange,0,*,*,0,*,*,2019
Putscheid,Vianden,0,*,*,0,*,*,2019
Rambrouch,Redange,6,*,*,4,*,*,2019
Reckange-sur-Mess,Esch,9,*,*,0,*,*,2019
Redange,Redange,6,*,*,21,4611.888,3527 € - 5236 €,2019
Reisdorf,Diekirch,2,*,*,0,*,*,2019
Remich,Remich,38,4988.758,2967 € - 7526 €,0,*,*,2019
Roeser,Esch,50,6254.064,5006 € - 7740 €,11,7231.337,6440 € - 7674 €,2019
Rosport-Mompach,Echternach,3,*,*,0,*,*,2019
Rumelange,Esch,40,4821.418,3342 € - 6847 €,0,*,*,2019
Saeul,Redange,7,*,*,0,*,*,2019
Sandweiler,Luxembourg,18,6697.787,4498 € - 8144 €,0,*,*,2019
Sanem,Esch,87,5190.53,3969 € - 6645 €,86,6555.673,5739 € - 7351 €,2019
Schengen,Remich,31,4913.149,2341 € - 7395 €,3,*,*,2019
Schieren,Diekirch,7,*,*,13,5860.286,4835 € - 7349 €,2019
Schifflange,Esch,95,5884.693,3967 € - 7748 €,26,6548.972,5750 € - 7189 €,2019
Schuttrange,Luxembourg,9,*,*,6,*,*,2019
Stadtbredimus,Remich,15,4868.965,3541 € - 6797 €,0,*,*,2019
Steinfort,Capellen,13,5164.225,3502 € - 6099 €,41,6349.872,5402 € - 7050 €,2019
Steinsel,Luxembourg,10,6497.457,3854 € - 8956 €,5,*,*,2019
Strassen,Luxembourg,51,8374.249,5674 € - 12720 €,40,8927.277,7869 € - 10006 €,2019
Tandel,Vianden,8,*,*,0,*,*,2019
Troisvierges,Clervaux,5,*,*,15,4103.775,3446 € - 4857 €,2019
Useldange,Redange,5,*,*,8,*,*,2019
Vallée de l'Ernz,Diekirch,8,*,*,0,*,*,2019
Vianden,Vianden,4,*,*,0,*,*,2019
Vichten,Redange,1,*,*,0,*,*,2019
Wahl,Redange,2,*,*,0,*,*,2019
Waldbillig,Echternach,1,*,*,0,*,*,2019
Waldbredimus,Remich,1,*,*,8,*,*,2019
Walferdange,Luxembourg,43,6733.753,5190 € - 7707 €,34,8542.867,6763 € - 9503 €,2019
Weiler-la-Tour,Luxembourg,12,6358.872,4922 € - 11586 €,0,*,*,2019
Weiswampach,Clervaux,20,4308.856,3123 € - 6893 €,15,4549.379,3609 € - 5677 €,2019
Wiltz,Wiltz,38,3943.857,2559 € - 5433 €,12,4517.939,3870 € - 5031 €,2019
Wincrange,Clervaux,3,*,*,0,*,*,2019
Winseler,Wiltz,7,*,*,0,*,*,2019
Wormeldange,Grevenmacher,13,5201.641,3246 € - 8498 €,13,5693.948,5014 € - 6660 €,2019
Beaufort,Echternach,0,*,*,12,5067.7,3978 € - 6831 €,2020
Bech,Echternach,1,*,*,5,*,*,2020
Beckerich,Redange,6,*,*,5,*,*,2020
Berdorf,Echternach,12,5109.805,3125 € - 8048 €,10,4653.24,2865 € - 6889 €,2020
Bertrange,Luxembourg,53,10087.75,5854 € - 13850 €,23,11789.56,8648 € - 15352 €,2020
Bettembourg,Esch,39,6962.498,4733 € - 9119 €,6,*,*,2020
Bettendorf,Diekirch,12,5178.926,3409 € - 6774 €,18,5745.518,5034 € - 6253 €,2020
Betzdorf,Grevenmacher,3,*,*,0,*,*,2020
Bissen,Mersch,21,6149.693,4323 € - 8489 €,11,7555.255,6445 € - 9645 €,2020
Biwer,Grevenmacher,0,*,*,0,*,*,2020
Boulaide,Wiltz,1,*,*,4,*,*,2020
Bourscheid,Diekirch,6,*,*,23,5479.441,4884 € - 6169 €,2020
Bous,Remich,5,*,*,0,*,*,2020
Clervaux,Clervaux,27,4351.606,3028 € - 5680 €,68,4748.297,3935 € - 5669 €,2020
Colmar-Berg,Mersch,16,5460.977,3975 € - 7895 €,9,*,*,2020
Consdorf,Echternach,3,*,*,0,*,*,2020
Contern,Luxembourg,8,*,*,26,7254.854,6454 € - 8059 €,2020
Dalheim,Remich,2,*,*,5,*,*,2020
Diekirch,Diekirch,39,6083.052,3596 € - 8219 €,43,7219.241,5702 € - 8901 €,2020
Differdange,Esch,258,5998.667,3758 € - 8002 €,52,6789.276,5349 € - 8560 €,2020
Dippach,Capellen,10,6997.619,4941 € - 8239 €,6,*,*,2020
Dudelange,Esch,142,6467.795,4316 € - 8777 €,46,7096.421,5110 € - 9047 €,2020
Echternach,Echternach,28,5344.43,3936 € - 6974 €,6,*,*,2020
Ell,Redange,5,*,*,2,*,*,2020
Erpeldange-sur-Sûre,Diekirch,9,*,*,0,*,*,2020
Esch-sur-Alzette,Esch,290,6021.245,3964 € - 8126 €,98,7174.428,6332 € - 8281 €,2020
Esch-sur-Sûre,Wiltz,11,5021.589,2819 € - 6935 €,1,*,*,2020
Ettelbruck,Diekirch,42,5507.034,3885 € - 7420 €,23,7262.643,5456 € - 8885 €,2020
Feulen,Diekirch,2,*,*,0,*,*,2020
Fischbach,Mersch,3,*,*,0,*,*,2020
Flaxweiler,Grevenmacher,0,*,*,0,*,*,2020
Frisange,Esch,28,6595.078,4550 € - 8346 €,9,*,*,2020
Garnich,Capellen,1,*,*,0,*,*,2020
Goesdorf,Wiltz,7,*,*,0,*,*,2020
Grevenmacher,Grevenmacher,21,5473.559,4185 € - 6700 €,5,*,*,2020
Grosbous,Redange,8,*,*,0,*,*,2020
Habscht,Capellen,26,5862.458,4237 € - 8651 €,10,6442.289,4075 € - 7426 €,2020
Heffingen,Mersch,6,*,*,3,*,*,2020
Helperknapp,Mersch,17,5971.514,3626 € - 9087 €,36,5928.154,4189 € - 7041 €,2020
Hesperange,Luxembourg,95,8437.13,5185 € - 10688 €,111,9436.338,7690 € - 11374 €,2020
Junglinster,Grevenmacher,17,7131.358,4823 € - 9155 €,29,7510.385,5903 € - 9226 €,2020
Käerjeng,Capellen,36,6373.17,4566 € - 8797 €,19,7060.758,5764 € - 9127 €,2020
Kayl,Esch,92,6599.31,4452 € - 8556 €,22,7013.544,5887 € - 8291 €,2020
Kehlen,Capellen,13,7059.869,4763 € - 9306 €,5,*,*,2020
Kiischpelt,Wilz,1,*,*,0,*,*,2020
Koerich,Capellen,5,*,*,4,*,*,2020
Kopstal,Capellen,17,8606.176,5395 € - 12743 €,15,9590.241,7084 € - 11076 €,2020
Lac de la Haute-Sûre,Wiltz,1,*,*,9,*,*,2020
Larochette,Mersch,12,5439.491,4197 € - 6918 €,8,*,*,2020
Lenningen,Remich,8,*,*,0,*,*,2020
Leudelange,Esch,10,7410.144,6864 € - 8045 €,0,*,*,2020
Lintgen,Mersch,16,6329.684,2779 € - 8385 €,11,8565.338,5495 € - 11006 €,2020
Lorentzweiler,Mersch,17,7951.777,4718 € - 9795 €,26,8183.931,7139 € - 8857 €,2020
Luxembourg-Ville,Luxembourg,465,10263.31,7165 € - 13508 €,395,11468.78,8535 € - 14217 €,2020
Mamer,Capellen,29,7200.017,4405 € - 9709 €,64,8165.216,6981 € - 9451 €,2020
Manternach,Grevenmacher,1,*,*,0,*,*,2020
Mersch,Mersch,52,6355.496,3977 € - 8487 €,3,*,*,2020
Mertert,Grevenmacher,22,5574.484,3786 € - 6815 €,89,6243.54,5193 € - 8204 €,2020
Mertzig,Diekirch,6,*,*,0,*,*,2020
Mondercange,Esch,33,6641.473,3770 € - 8960 €,24,7419.811,4745 € - 9245 €,2020
Mondorf-les-Bains,Remich,40,6618.351,4181 € - 8833 €,48,9109.481,6360 € - 11239 €,2020
Niederanven,Luxembourg,4,*,*,20,8668.021,6642 € - 13729 €,2020
Nommern,Mersch,1,*,*,0,*,*,2020
Parc Hosingen,Clervaux,7,*,*,5,*,*,2020
Petange,Esch,168,5862.33,3914 € - 7480 €,65,5841.589,4394 € - 7124 €,2020
Preizerdaul,Redange,3,*,*,10,5184.871,4155 € - 6881 €,2020
Putscheid,Vianden,1,*,*,0,*,*,2020
Rambrouch,Redange,7,*,*,2,*,*,2020
Reckange-sur-Mess,Esch,5,*,*,4,*,*,2020
Redange,Redange,4,*,*,9,*,*,2020
Reisdorf,Diekirch,4,*,*,0,*,*,2020
Remich,Remich,38,6173.364,3670 € - 8346 €,25,9040.15,8339 € - 10089 €,2020
Roeser,Esch,46,7563.608,5785 € - 8886 €,36,8726.466,7222 € - 9880 €,2020
Rosport-Mompach,Echternach,4,*,*,0,*,*,2020
Rumelange,Esch,31,5612.728,3882 € - 8179 €,0,*,*,2020
Saeul,Redange,4,*,*,0,*,*,2020
Sandweiler,Luxembourg,22,7509.731,5661 € - 9003 €,6,*,*,2020
Sanem,Esch,101,6184.894,3921 € - 8214 €,41,7029.289,5849 € - 8384 €,2020
Schengen,Remich,29,5799.017,3965 € - 7885 €,1,*,*,2020
Schieren,Diekirch,8,*,*,21,6000.86,4636 € - 6726 €,2020
Schifflange,Esch,110,7321.271,4947 € - 9592 €,4,*,*,2020
Schuttrange,Luxembourg,12,7412.579,4602 € - 8980 €,1,*,*,2020
Stadtbredimus,Remich,16,5737.508,2780 € - 8678 €,4,*,*,2020
Steinfort,Capellen,15,6792.917,5048 € - 9533 €,16,7154.644,6350 € - 7654 €,2020
Steinsel,Luxembourg,24,7477.813,5131 € - 9165 €,21,8656.368,7088 € - 9490 €,2020
Strassen,Luxembourg,60,9682.671,6186 € - 12134 €,53,9771.091,8173 € - 12654 €,2020
Tandel,Vianden,9,*,*,0,*,*,2020
Troisvierges,Clervaux,9,*,*,3,*,*,2020
Useldange,Redange,3,*,*,17,5597.8,3611 € - 6589 €,2020
Vallée de l'Ernz,Diekirch,8,*,*,4,*,*,2020
Vianden,Vianden,10,4871.424,2929 € - 6840 €,0,*,*,2020
Vichten,Redange,7,*,*,0,*,*,2020
Wahl,Redange,1,*,*,0,*,*,2020
Waldbillig,Echternach,5,*,*,0,*,*,2020
Waldbredimus,Remich,1,*,*,7,*,*,2020
Walferdange,Luxembourg,35,8745.353,5399 € - 12661 €,66,10297.04,8393 € - 12624 €,2020
Weiler-la-Tour,Luxembourg,11,7396.082,4554 € - 9335 €,9,*,*,2020
Weiswampach,Clervaux,22,4604.129,4018 € - 5356 €,97,4676.454,3623 € - 5868 €,2020
Wiltz,Wiltz,40,4132.73,2899 € - 6037 €,23,4387.193,3753 € - 5009 €,2020
Wincrange,Clervaux,2,*,*,0,*,*,2020
Winseler,Wiltz,2,*,*,6,*,*,2020
Wormeldange,Grevenmacher,14,5848.607,4003 € - 7510 €,13,7283.857,5934 € - 8671 €,2020
Berdorf,Echternach,9.0,*,*,0.0,*,*,2021
Bertrange,Luxembourg,45.0,10396.71,7472 € - 13235 €,24.0,12715.91,6571 € - 14986 €,2021
Bettembourg,Esch,56.0,7564.519,5252 € - 9225 €,6.0,*,*,2021
Bettendorf,Diekirch,5.0,*,*,3.0,*,*,2021
Betzdorf,Grevenmacher,10.0,7363.764,4933 € - 9743 €,0.0,*,*,2021
Bissen,Mersch,20.0,7262.966,3733 € - 8773 €,6.0,*,*,2021
Biwer,Grevenmacher,1.0,*,*,0.0,*,*,2021
Boulaide,Wiltz,3.0,*,*,0.0,*,*,2021
Bourscheid,Diekirch,5.0,*,*,3.0,*,*,2021
Bous,Remich,10.0,6689.143,3279 € - 8034 €,0.0,*,*,2021
Clervaux,Clervaux,24.0,5467.815,4105 € - 7498 €,7.0,*,*,2021
Colmar-Berg,Mersch,15.0,6472.77,4524 € - 7859 €,4.0,*,*,2021
Consdorf,Echternach,2.0,*,*,1.0,*,*,2021
Contern,Luxembourg,20.0,8357.217,5639 € - 10828 €,0.0,*,*,2021
Dalheim,Remich,6.0,*,*,0.0,*,*,2021
Diekirch,Diekirch,35.0,6879.373,3968 € - 9538 €,4.0,*,*,2021
Differdange,Esch,301.0,7078.597,4385 € - 9732 €,74.0,7273.268,5970 € - 8720 €,2021
Dippach,Capellen,21.0,7801.183,5928 € - 9528 €,1.0,*,*,2021
Dudelange,Esch,141.0,7382.146,5116 € - 9450 €,38.0,7885.313,6025 € - 9514 €,2021
Echternach,Echternach,29.0,5554.46,3662 € - 6794 €,5.0,*,*,2021
Ell,Redange,9.0,*,*,4.0,*,*,2021
Erpeldange-sur-Sûre,Diekirch,13.0,6900.927,4100 € - 9689 €,43.0,7737.469,7194 € - 8309 €,2021
Esch-sur-Alzette,Esch,289.0,7050.078,4414 € - 9811 €,9.0,*,*,2021
Esch-sur-Sûre,Wiltz,6.0,*,*,2.0,*,*,2021
Ettelbruck,Diekirch,74.0,6716.542,4621 € - 8996 €,27.0,7507.088,6030 € - 8961 €,2021
Feulen,Diekirch,6.0,*,*,5.0,*,*,2021
Fischbach,Mersch,2.0,*,*,0.0,*,*,2021
Flaxweiler,Grevenmacher,1.0,*,*,0.0,*,*,2021
Frisange,Esch,22.0,7638.332,6232 € - 9433 €,7.0,*,*,2021
Garnich,Capellen,3.0,*,*,0.0,*,*,2021
Goesdorf,Wiltz,7.0,*,*,0.0,*,*,2021
Grevenmacher,Grevenmacher,29.0,7095.584,5402 € - 9691 €,0.0,*,*,2021
Grosbous,Redange,2.0,*,*,8.0,*,*,2021
Habscht,Capellen,29.0,7015.665,4799 € - 9776 €,8.0,*,*,2021
Heffingen,Mersch,6.0,*,*,0.0,*,*,2021
Helperknapp,Mersch,16.0,7076.034,5449 € - 8907 €,0.0,*,*,2021
Hesperange,Luxembourg,122.0,9222.721,6626 € - 11429 €,52.0,10460.72,9006 € - 12000 €,2021
Junglinster,Grevenmacher,21.0,7804.054,4753 € - 9930 €,11.0,8488.812,5891 € - 10090 €,2021
Käerjeng,Capellen,58.0,7170.656,4850 € - 10345 €,16.0,7808.9,6579 € - 8489 €,2021
Kayl,Esch,79.0,7430.135,5251 € - 9011 €,17.0,7368.09,4215 € - 9743 €,2021
Kehlen,Capellen,21.0,8420.754,5397 € - 10532 €,0.0,*,*,2021
Kiischpelt,Wilz,2.0,*,*,3.0,*,*,2021
Koerich,Capellen,3.0,*,*,1.0,*,*,2021
Kopstal,Capellen,10.0,9107.172,7595 € - 10799 €,25.0,10787.24,9124 € - 12087 €,2021
Lac de la Haute-Sûre,Wiltz,2.0,*,*,8.0,*,*,2021
Larochette,Mersch,17.0,6137.753,3899 € - 7581 €,0.0,*,*,2021
Lenningen,Remich,4.0,*,*,0.0,*,*,2021
Leudelange,Esch,20.0,9312.969,6563 € - 12117 €,0.0,*,*,2021
Lintgen,Mersch,19.0,8250.549,5916 € - 10002 €,8.0,*,*,2021
Lorentzweiler,Mersch,11.0,8584.2,5571 € - 11071 €,35.0,8729.041,7415 € - 10438 €,2021
Luxembourg-Ville,Luxembourg,629.0,11154.18,7743 € - 14647 €,204.0,13457.07,9854 € - 17651 €,2021
Mamer,Capellen,49.0,8180.874,4728 € - 11082 €,52.0,8806.818,7283 € - 10004 €,2021
Manternach,Grevenmacher,3.0,*,*,7.0,*,*,2021
Mersch,Mersch,41.0,7696.518,5365 € - 9641 €,23.0,8205.665,6314 € - 10059 €,2021
Mertert,Grevenmacher,24.0,6314.027,3778 € - 8288 €,84.0,6701.204,5661 € - 8217 €,2021
Mertzig,Diekirch,3.0,*,*,0.0,*,*,2021
Mondercange,Esch,32.0,7744.073,5340 € - 9651 €,8.0,*,*,2021
Mondorf-les-Bains,Remich,59.0,7520.032,5164 € - 10146 €,4.0,*,*,2021
Niederanven,Luxembourg,4.0,*,*,6.0,*,*,2021
Nommern,Mersch,3.0,*,*,1.0,*,*,2021
Parc Hosingen,Clervaux,12.0,5504.679,3923 € - 6755 €,13.0,5504.925,4965 € - 6388 €,2021
Petange,Esch,179.0,6825.138,4604 € - 9073 €,35.0,7242.358,6116 € - 9037 €,2021
Preizerdaul,Redange,4.0,*,*,1.0,*,*,2021
Putscheid,Vianden,2.0,*,*,0.0,*,*,2021
Rambrouch,Redange,1.0,*,*,12.0,6673.53,6166 € - 7186 €,2021
Reckange-sur-Mess,Esch,10.0,7157.078,4955 € - 9252 €,1.0,*,*,2021
Redange,Redange,8.0,*,*,0.0,*,*,2021
Reisdorf,Diekirch,0.0,*,*,0.0,*,*,2021
Remich,Remich,24.0,7764.069,5591 € - 9563 €,14.0,9705.987,8479 € - 10999 €,2021
Roeser,Esch,54.0,8684.545,6829 € - 10725 €,33.0,8491.344,5930 € - 9892 €,2021
Rosport-Mompach,Echternach,3.0,*,*,0.0,*,*,2021
Rumelange,Esch,31.0,6225.339,4104 € - 8256 €,0.0,*,*,2021
Saeul,Redange,3.0,*,*,0.0,*,*,2021
Sandweiler,Luxembourg,14.0,8601.078,6668 € - 10798 €,10.0,8438.259,6761 € - 10074 €,2021
Sanem,Esch,125.0,7695.978,5348 € - 9969 €,169.0,7742.361,6314 € - 8753 €,2021
Schengen,Remich,20.0,6900.786,4811 € - 9174 €,0.0,*,*,2021
Schieren,Diekirch,10.0,6951.818,4177 € - 8866 €,1.0,*,*,2021
Schifflange,Esch,105.0,8053.41,5261 € - 10423 €,1.0,*,*,2021
Schuttrange,Luxembourg,10.0,8403.051,5789 € - 12536 €,8.0,*,*,2021
Stadtbredimus,Remich,10.0,7173.066,6008 € - 9280 €,3.0,*,*,2021
Steinfort,Capellen,23.0,7347.853,4651 € - 9114 €,21.0,8170.84,7249 € - 9202 €,2021
Steinsel,Luxembourg,19.0,9337.892,7440 € - 12533 €,59.0,10379.82,7925 € - 16227 €,2021
Strassen,Luxembourg,70.0,10158.79,6868 € - 12907 €,10.0,13287.57,8376 € - 14775 €,2021
Tandel,Vianden,8.0,*,*,0.0,*,*,2021
Troisvierges,Clervaux,9.0,*,*,0.0,*,*,2021
Useldange,Redange,5.0,*,*,0.0,*,*,2021
Vallée de l'Ernz,Diekirch,8.0,*,*,0.0,*,*,2021
Vianden,Vianden,6.0,*,*,6.0,*,*,2021
Vichten,Redange,2.0,*,*,0.0,*,*,2021
Wahl,Redange,0.0,*,*,16.0,6579.702,5531 € - 7533 €,2021
Waldbillig,Echternach,2.0,*,*,0.0,*,*,2021
Waldbredimus,Remich,0.0,*,*,3.0,*,*,2021
Walferdange,Luxembourg,48.0,9241.958,6531 € - 11256 €,11.0,11610.5,10324 € - 12637 €,2021
Weiler-la-Tour,Luxembourg,10.0,8124.67,5523 € - 11273 €,0.0,*,*,2021
Weiswampach,Clervaux,33.0,5199.553,3535 € - 7204 €,5.0,*,*,2021
Wiltz,Wiltz,21.0,4973.731,3457 € - 6967 €,24.0,5125.453,4367 € - 5622 €,2021
Wincrange,Clervaux,7.0,*,*,4.0,*,*,2021
Winseler,Wiltz,8.0,*,*,0.0,*,*,2021
Wormeldange,Grevenmacher,5.0,*,*,1.0,*,*,2021
Berdorf,Echternach,13.0,7336.219,4742 € - 9376 €,2.0,*,*,2022
Bertrange,Luxembourg,44.0,11639.08,8276 € - 14922 €,32.0,13205.31,11548 € - 18032 €,2022
Bettembourg,Esch,51.0,8071.898,5051 € - 10603 €,0.0,*,*,2022
Bettendorf,Diekirch,8.0,*,*,0.0,*,*,2022
Betzdorf,Grevenmacher,11.0,8388.124,6917 € - 9321 €,1.0,*,*,2022
Bissen,Mersch,15.0,8067.515,5649 € - 10049 €,4.0,*,*,2022
Biwer,Grevenmacher,4.0,*,*,0.0,*,*,2022
Boulaide,Wiltz,2.0,*,*,0.0,*,*,2022
Bourscheid,Diekirch,2.0,*,*,0.0,*,*,2022
Bous,Remich,7.0,*,*,2.0,*,*,2022
Clervaux,Clervaux,33.0,5999.829,4039 € - 8087 €,26.0,6450.744,5024 € - 8125 €,2022
Colmar-Berg,Mersch,10.0,7645.903,5894 € - 10347 €,6.0,*,*,2022
Consdorf,Echternach,2.0,*,*,0.0,*,*,2022
Contern,Luxembourg,19.0,9463.4,6357 € - 12215 €,3.0,*,*,2022
Dalheim,Remich,4.0,*,*,4.0,*,*,2022
Diekirch,Diekirch,40.0,8000.772,5140 € - 10271 €,19.0,9168.954,8063 € - 10132 €,2022
Differdange,Esch,264.0,7723.062,5261 € - 10192 €,39.0,8327.606,7216 € - 10176 €,2022
Dippach,Capellen,17.0,8203.826,6019 € - 10018 €,0.0,*,*,2022
Dudelange,Esch,129.0,7767.097,5342 € - 10174 €,4.0,*,*,2022
Echternach,Echternach,19.0,6749.382,4757 € - 8358 €,31.0,7404.553,6471 € - 8933 €,2022
Ell,Redange,5.0,*,*,3.0,*,*,2022
Erpeldange-sur-Sûre,Diekirch,4.0,*,*,42.0,9731.979,8862 € - 10931 €,2022
Esch-sur-Alzette,Esch,272.0,7657.416,5001 € - 10346 €,13.0,7996.803,4110 € - 10355 €,2022
Esch-sur-Sûre,Wiltz,9.0,*,*,5.0,*,*,2022
Ettelbruck,Diekirch,64.0,7085.861,4368 € - 9663 €,12.0,7928.058,7002 € - 9000 €,2022
Feulen,Diekirch,5.0,*,*,1.0,*,*,2022
Fischbach,Mersch,3.0,*,*,0.0,*,*,2022
Flaxweiler,Grevenmacher,0.0,*,*,0.0,*,*,2022
Frisange,Esch,20.0,8347.991,5406 € - 11321 €,4.0,*,*,2022
Garnich,Capellen,0.0,*,*,0.0,*,*,2022
Goesdorf,Wiltz,6.0,*,*,0.0,*,*,2022
Grevenmacher,Grevenmacher,28.0,7993.901,5832 € - 10597 €,3.0,*,*,2022
Grosbous,Redange,1.0,*,*,8.0,*,*,2022
Habscht,Capellen,28.0,7073.415,5023 € - 9036 €,14.0,7828.441,7289 € - 8625 €,2022
Heffingen,Mersch,4.0,*,*,0.0,*,*,2022
Helperknapp,Mersch,9.0,*,*,3.0,*,*,2022
Hesperange,Luxembourg,87.0,9668.48,7572 € - 11910 €,15.0,10703.96,9613 € - 12164 €,2022
Junglinster,Grevenmacher,20.0,9167.91,5641 € - 11718 €,12.0,10263.08,8408 € - 11774 €,2022
Käerjeng,Capellen,52.0,7554.094,5370 € - 10014 €,22.0,8428.11,6769 € - 10736 €,2022
Kayl,Esch,83.0,8140.005,5423 € - 10961 €,7.0,*,*,2022
Kehlen,Capellen,18.0,8736.732,5798 € - 11452 €,39.0,9168.829,6655 € - 11389 €,2022
Kiischpelt,Wilz,1.0,*,*,4.0,*,*,2022
Koerich,Capellen,5.0,*,*,0.0,*,*,2022
Kopstal,Capellen,9.0,*,*,22.0,10850.76,6948 € - 13351 €,2022
Lac de la Haute-Sûre,Wiltz,9.0,*,*,5.0,*,*,2022
Larochette,Mersch,18.0,7057.841,5213 € - 8362 €,0.0,*,*,2022
Lenningen,Remich,2.0,*,*,0.0,*,*,2022
Leudelange,Esch,10.0,9806.521,6403 € - 12864 €,0.0,*,*,2022
Lintgen,Mersch,27.0,8420.617,7059 € - 10221 €,2.0,*,*,2022
Lorentzweiler,Mersch,16.0,8121.567,3589 € - 10493 €,22.0,9119.374,7411 € - 11786 €,2022
Luxembourg-Ville,Luxembourg,603.0,11586.52,8276 € - 15343 €,146.0,14293.2,10513 € - 17566 €,2022
Mamer,Capellen,29.0,9034.284,6101 € - 11893 €,32.0,10403.77,6970 € - 12835 €,2022
Manternach,Grevenmacher,1.0,*,*,0.0,*,*,2022
Mersch,Mersch,39.0,8509.919,6310 € - 11297 €,23.0,10891.12,9358 € - 12099 €,2022
Mertert,Grevenmacher,29.0,8478.264,5943 € - 11603 €,75.0,8056.55,7175 € - 9484 €,2022
Mertzig,Diekirch,4.0,*,*,0.0,*,*,2022
Mondercange,Esch,26.0,8350.565,4878 € - 10533 €,7.0,*,*,2022
Mondorf-les-Bains,Remich,40.0,8774.014,6296 € - 11386 €,0.0,*,*,2022
Niederanven,Luxembourg,2.0,*,*,14.0,9003.161,6956 € - 12061 €,2022
Nommern,Mersch,2.0,*,*,0.0,*,*,2022
Parc Hosingen,Clervaux,5.0,*,*,9.0,*,*,2022
Petange,Esch,151.0,7636.883,5615 € - 9692 €,34.0,7185.319,5569 € - 9015 €,2022
Preizerdaul,Redange,3.0,*,*,0.0,*,*,2022
Putscheid,Vianden,2.0,*,*,3.0,*,*,2022
Rambrouch,Redange,5.0,*,*,0.0,*,*,2022
Reckange-sur-Mess,Esch,11.0,8522.078,7141 € - 10003 €,50.0,7889.888,6658 € - 9832 €,2022
Redange,Redange,6.0,*,*,8.0,*,*,2022
Reisdorf,Diekirch,4.0,*,*,0.0,*,*,2022
Remich,Remich,23.0,7970.339,6146 € - 10285 €,7.0,*,*,2022
Roeser,Esch,62.0,8951.642,7124 € - 10051 €,15.0,8772.521,6872 € - 11830 €,2022
Rosport-Mompach,Echternach,6.0,*,*,2.0,*,*,2022
Rumelange,Esch,32.0,7255.558,5703 € - 9500 €,0.0,*,*,2022
Saeul,Redange,2.0,*,*,0.0,*,*,2022
Sandweiler,Luxembourg,24.0,8664.826,6492 € - 10740 €,3.0,*,*,2022
Sanem,Esch,100.0,8036.15,5378 € - 10412 €,104.0,8350.476,6925 € - 9941 €,2022
Schengen,Remich,21.0,7009.694,4387 € - 8844 €,0.0,*,*,2022
Schieren,Diekirch,5.0,*,*,0.0,*,*,2022
Schifflange,Esch,81.0,8651.392,6384 € - 11061 €,6.0,*,*,2022
Schuttrange,Luxembourg,11.0,8725.315,7338 € - 10065 €,2.0,*,*,2022
Stadtbredimus,Remich,8.0,*,*,0.0,*,*,2022
Steinfort,Capellen,24.0,8210.009,3718 € - 10377 €,29.0,8903.291,7348 € - 10189 €,2022
Steinsel,Luxembourg,9.0,*,*,54.0,10611.56,8611 € - 12898 €,2022
Strassen,Luxembourg,60.0,10896.4,7923 € - 14058 €,0.0,*,*,2022
Tandel,Vianden,2.0,*,*,0.0,*,*,2022
Troisvierges,Clervaux,10.0,5086.921,3441 € - 6849 €,0.0,*,*,2022
Useldange,Redange,6.0,*,*,0.0,*,*,2022
Vallée de l'Ernz,Diekirch,4.0,*,*,3.0,*,*,2022
Vianden,Vianden,8.0,*,*,0.0,*,*,2022
Vichten,Redange,1.0,*,*,0.0,*,*,2022
Wahl,Redange,0.0,*,*,0.0,*,*,2022
Waldbillig,Echternach,5.0,*,*,0.0,*,*,2022
Waldbredimus,Remich,0.0,*,*,0.0,*,*,2022
Walferdange,Luxembourg,37.0,9834.836,7534 € - 13141 €,20.0,12207.43,9770 € - 14524 €,2022
Weiler-la-Tour,Luxembourg,10.0,8979.804,6925 € - 11042 €,0.0,*,*,2022
Weiswampach,Clervaux,11.0,6413.565,4791 € - 8227 €,50.0,5639.524,4626 € - 7002 €,2022
Wiltz,Wiltz,38.0,6144.09,3616 € - 8303 €,29.0,6021.867,4358 € - 7859 €,2022
Wincrange,Clervaux,3.0,*,*,0.0,*,*,2022
Winseler,Wiltz,8.0,*,*,0.0,*,*,2022
Wormeldange,Grevenmacher,7.0,*,*,4.0,*,*,2022
Berdorf,Echternach,6.0,*,*,1.0,*,*,2023
Bertrange,Luxembourg,27.0,9625.147,6530 € - 14530 €,4.0,*,*,2023
Bettembourg,Esch,25.0,7907.045,5356 € - 9912 €,0.0,*,*,2023
Bettendorf,Diekirch,8.0,*,*,0.0,*,*,2023
Betzdorf,Grevenmacher,2.0,*,*,0.0,*,*,2023
Bissen,Mersch,11.0,7509.584,4877 € - 9612 €,1.0,*,*,2023
Biwer,Grevenmacher,1.0,*,*,0.0,*,*,2023
Boulaide,Wiltz,2.0,*,*,0.0,*,*,2023
Bourscheid,Diekirch,3.0,*,*,0.0,*,*,2023
Bous-Waldbredimus,Remich,8.0,*,*,1.0,*,*,2023
Clervaux,Clervaux,22.0,6196.223,4771 € - 7318 €,3.0,*,*,2023
Colmar-Berg,Mersch,8.0,*,*,0.0,*,*,2023
Consdorf,Echternach,5.0,*,*,0.0,*,*,2023
Contern,Luxembourg,19.0,8180.231,5237 € - 11069 €,10.0,10374.74,8518 € - 11506 €,2023
Dalheim,Remich,3.0,*,*,3.0,*,*,2023
Diekirch,Diekirch,32.0,7437.969,5640 € - 9664 €,5.0,*,*,2023
Differdange,Esch,166.0,7100.238,4590 € - 9215 €,8.0,*,*,2023
Dippach,Capellen,14.0,8179.493,6211 € - 11044 €,0.0,*,*,2023
Dudelange,Esch,82.0,7059.089,4488 € - 9539 €,1.0,*,*,2023
Echternach,Echternach,24.0,5775.005,3378 € - 8532 €,6.0,*,*,2023
Ell,Redange,5.0,*,*,0.0,*,*,2023
Erpeldange-sur-Sûre,Diekirch,10.0,6886.721,3666 € - 8189 €,1.0,*,*,2023
Esch-sur-Alzette,Esch,145.0,6922.993,4424 € - 9864 €,4.0,*,*,2023
Esch-sur-Sûre,Wiltz,5.0,*,*,0.0,*,*,2023
Ettelbruck,Diekirch,46.0,7087.402,4394 € - 8711 €,0.0,*,*,2023
Feulen,Diekirch,5.0,*,*,0.0,*,*,2023
Fischbach,Mersch,0.0,*,*,0.0,*,*,2023
Flaxweiler,Grevenmacher,0.0,*,*,0.0,*,*,2023
Frisange,Esch,15.0,8055.149,5277 € - 11283 €,3.0,*,*,2023
Garnich,Capellen,0.0,*,*,0.0,*,*,2023
Goesdorf,Wiltz,4.0,*,*,0.0,*,*,2023
Grevenmacher,Grevenmacher,19.0,7541.42,3376 € - 8903 €,2.0,*,*,2023
Grosbus-Wal,Redange,2.0,*,*,0.0,*,*,2023
Habscht,Capellen,6.0,*,*,2.0,*,*,2023
Heffingen,Mersch,2.0,*,*,0.0,*,*,2023
Helperknapp,Mersch,13.0,7995.972,6745 € - 10100 €,0.0,*,*,2023
Hesperange,Luxembourg,64.0,8956.371,5891 € - 11900 €,5.0,*,*,2023
Junglinster,Grevenmacher,17.0,8390,5169 € - 11705 €,2.0,*,*,2023
Käerjeng,Capellen,31.0,6793.736,4506 € - 9993 €,0.0,*,*,2023
Kayl,Esch,43.0,7462.961,5185 € - 9710 €,5.0,*,*,2023
Kehlen,Capellen,8.0,*,*,12.0,9048.903,7615 € - 11461 €,2023
Kiischpelt,Wilz,4.0,*,*,0.0,*,*,2023
Koerich,Capellen,1.0,*,*,0.0,*,*,2023
Kopstal,Capellen,11.0,9236.187,6884 € - 10768 €,0.0,*,*,2023
Lac de la Haute-Sûre,Wiltz,5.0,*,*,0.0,*,*,2023
Larochette,Mersch,3.0,*,*,2.0,*,*,2023
Lenningen,Remich,0.0,*,*,0.0,*,*,2023
Leudelange,Esch,6.0,*,*,1.0,*,*,2023
Lintgen,Mersch,16.0,8110.819,5958 € - 9576 €,0.0,*,*,2023
Lorentzweiler,Mersch,12.0,8907.198,6632 € - 10269 €,0.0,*,*,2023
Luxembourg-Ville,Luxembourg,424.0,10394.83,7193 € - 14019 €,78.0,12944.37,10302 € - 17679 €,2023
Mamer,Capellen,31.0,8830.429,6612 € - 10839 €,4.0,*,*,2023
Manternach,Grevenmacher,0.0,*,*,0.0,*,*,2023
Mersch,Mersch,39.0,7639.865,5819 € - 10256 €,4.0,*,*,2023
Mertert,Grevenmacher,15.0,7721.353,5538 € - 9731 €,2.0,*,*,2023
Mertzig,Diekirch,3.0,*,*,0.0,*,*,2023
Mondercange,Esch,23.0,7639.113,5121 € - 11118 €,1.0,*,*,2023
Mondorf-les-Bains,Remich,15.0,8094.481,5210 € - 10926 €,14.0,8837.33,5775 € - 11364 €,2023
Niederanven,Luxembourg,4.0,*,*,1.0,*,*,2023
Nommern,Mersch,2.0,*,*,0.0,*,*,2023
Parc Hosingen,Clervaux,5.0,*,*,4.0,*,*,2023
Petange,Esch,84.0,6992.543,5113 € - 8712 €,3.0,*,*,2023
Preizerdaul,Redange,2.0,*,*,0.0,*,*,2023
Putscheid,Vianden,1.0,*,*,0.0,*,*,2023
Rambrouch,Redange,9.0,*,*,0.0,*,*,2023
Reckange-sur-Mess,Esch,6.0,*,*,29.0,8094.855,6971 € - 9723 €,2023
Redange,Redange,5.0,*,*,1.0,*,*,2023
Reisdorf,Diekirch,1.0,*,*,0.0,*,*,2023
Remich,Remich,17.0,7738.012,4266 € - 11676 €,0.0,*,*,2023
Roeser,Esch,22.0,8000.947,6108 € - 9595 €,1.0,*,*,2023
Rosport-Mompach,Echternach,0.0,*,*,0.0,*,*,2023
Rumelange,Esch,12.0,6308.158,3803 € - 9975 €,0.0,*,*,2023
Saeul,Redange,0.0,*,*,0.0,*,*,2023
Sandweiler,Luxembourg,8.0,*,*,0.0,*,*,2023
Sanem,Esch,60.0,7469.344,5068 € - 10077 €,7.0,*,*,2023
Schengen,Remich,12.0,6887.151,4062 € - 8442 €,0.0,*,*,2023
Schieren,Diekirch,5.0,*,*,1.0,*,*,2023
Schifflange,Esch,64.0,7970.425,5281 € - 10590 €,0.0,*,*,2023
Schuttrange,Luxembourg,4.0,*,*,0.0,*,*,2023
Stadtbredimus,Remich,5.0,*,*,3.0,*,*,2023
Steinfort,Capellen,19.0,8741.928,6539 € - 11091 €,3.0,*,*,2023
Steinsel,Luxembourg,11.0,8537.31,6617 € - 12003 €,13.0,10835.99,9540 € - 13036 €,2023
Strassen,Luxembourg,49.0,10512.98,7922 € - 13559 €,15.0,12697.37,11263 € - 14839 €,2023
Tandel,Vianden,2.0,*,*,0.0,*,*,2023
Troisvierges,Clervaux,5.0,*,*,0.0,*,*,2023
Useldange,Redange,3.0,*,*,0.0,*,*,2023
Vallée de l'Ernz,Diekirch,4.0,*,*,4.0,*,*,2023
Vianden,Vianden,8.0,*,*,0.0,*,*,2023
Vichten,Redange,0.0,*,*,0.0,*,*,2023
Waldbillig,Echternach,2.0,*,*,0.0,*,*,2023
Walferdange,Luxembourg,27.0,8564.926,6689 € - 11045 €,4.0,*,*,2023
Weiler-la-Tour,Luxembourg,4.0,*,*,0.0,*,*,2023
Weiswampach,Clervaux,16.0,6283.849,4321 € - 9179 €,5.0,*,*,2023
Wiltz,Wiltz,26.0,5529.644,3293 € - 7748 €,6.0,*,*,2023
Wincrange,Clervaux,3.0,*,*,0.0,*,*,2023
Winseler,Wiltz,8.0,*,*,2.0,*,*,2023
Wormeldange,Grevenmacher,1.0,*,*,0.0,*,*,2023
